timestamp,station_id,temperature,pressure,humidity,latitude,longitude,elevation,station_name
2026-06-01T00:00:00,AWS-DEL-001,22.55,998.03,75.5,28.584,77.206,216.0,Delhi Safdarjung AWS
2026-06-01T00:05:00,AWS-DEL-001,22.2,998.58,76.9,28.584,77.206,216.0,Delhi Safdarjung AWS
2026-06-01T00:10:00,AWS-DEL-001,22.68,998.12,75.1,28.584,77.206,216.0,Delhi Safdarjung AWS
2026-06-01T00:15:00,AWS-DEL-001,22.85,998.38,75.1,28.584,77.206,216.0,Delhi Safdarjung AWS
2026-06-01T00:20:00,AWS-DEL-001,21.86,998.38,78.1,28.584,77.206,216.0,Delhi Safdarjung AWS
2026-06-01T00:25:00,AWS-DEL-001,21.65,998.04,79.5,28.584,77.206,216.0,Delhi Safdarjung AWS
2026-06-01T00:30:00,AWS-DEL-001,21.41,997.86,82.5,28.584,77.206,216.0,Delhi Safdarjung AWS
2026-06-01T00:35:00,AWS-DEL-001,22.08,997.76,78.6,28.584,77.206,216.0,Delhi Safdarjung AWS
2026-06-01T00:40:00,AWS-DEL-001,21.64,997.96,80.8,28.584,77.206,216.0,Delhi Safdarjung AWS
2026-06-01T00:45:00,AWS-DEL-001,21.86,997.98,81.6,28.584,77.206,216.0,Delhi Safdarjung AWS
2026-06-01T00:50:00,AWS-DEL-001,22.18,997.53,77.9,28.584,77.206,216.0,Delhi Safdarjung AWS
2026-06-01T00:55:00,AWS-DEL-001,22.14,997.96,79.1,28.584,77.206,216.0,Delhi Safdarjung AWS
2026-06-01T01:00:00,AWS-DEL-001,21.66,997.31,81.8,28.584,77.206,216.0,Delhi Safdarjung AWS
2026-06-01T01:05:00,AWS-DEL-001,21.44,997.3,81.6,28.584,77.206,216.0,Delhi Safdarjung AWS
2026-06-01T01:10:00,AWS-DEL-001,21.79,997.27,77.6,28.584,77.206,216.0,Delhi Safdarjung AWS
2026-06-01T01:15:00,AWS-DEL-001,21.34,997.29,80.3,28.584,77.206,216.0,Delhi Safdarjung AWS
2026-06-01T01:20:00,AWS-DEL-001,21.82,997.6,79.2,28.584,77.206,216.0,Delhi Safdarjung AWS
2026-06-01T01:25:00,AWS-DEL-001,20.9,997.76,84.3,28.584,77.206,216.0,Delhi Safdarjung AWS
2026-06-01T01:30:00,AWS-DEL-001,21.25,997.56,82.0,28.584,77.206,216.0,Delhi Safdarjung AWS
2026-06-01T01:35:00,AWS-DEL-001,20.72,997.37,84.7,28.584,77.206,216.0,Delhi Safdarjung AWS
2026-06-01T01:40:00,AWS-DEL-001,21.27,997.78,82.3,28.584,77.206,216.0,Delhi Safdarjung AWS
2026-06-01T01:45:00,AWS-DEL-001,20.47,997.29,84.8,28.584,77.206,216.0,Delhi Safdarjung AWS
2026-06-01T01:50:00,AWS-DEL-001,20.81,997.24,85.7,28.584,77.206,216.0,Delhi Safdarjung AWS
2026-06-01T01:55:00,AWS-DEL-001,20.88,997.48,82.3,28.584,77.206,216.0,Delhi Safdarjung AWS
2026-06-01T02:00:00,AWS-DEL-001,20.98,997.18,85.4,28.584,77.206,216.0,Delhi Safdarjung AWS
2026-06-01T02:05:00,AWS-DEL-001,21.09,997.07,82.6,28.584,77.206,216.0,Delhi Safdarjung AWS
2026-06-01T02:10:00,AWS-DEL-001,20.68,996.96,86.1,28.584,77.206,216.0,Delhi Safdarjung AWS
2026-06-01T02:15:00,AWS-DEL-001,21.42,997.16,81.2,28.584,77.206,216.0,Delhi Safdarjung AWS
2026-06-01T02:20:00,AWS-DEL-001,21.26,996.85,82.9,28.584,77.206,216.0,Delhi Safdarjung AWS
2026-06-01T02:25:00,AWS-DEL-001,21.34,996.69,82.1,28.584,77.206,216.0,Delhi Safdarjung AWS
2026-06-01T02:30:00,AWS-DEL-001,20.46,996.32,85.5,28.584,77.206,216.0,Delhi Safdarjung AWS
2026-06-01T02:35:00,AWS-DEL-001,20.74,996.94,84.9,28.584,77.206,216.0,Delhi Safdarjung AWS
2026-06-01T02:40:00,AWS-DEL-001,20.94,996.77,84.6,28.584,77.206,216.0,Delhi Safdarjung AWS
2026-06-01T02:45:00,AWS-DEL-001,20.61,996.58,85.4,28.584,77.206,216.0,Delhi Safdarjung AWS
2026-06-01T02:50:00,AWS-DEL-001,20.72,996.51,85.5,28.584,77.206,216.0,Delhi Safdarjung AWS
2026-06-01T02:55:00,AWS-DEL-001,20.78,996.43,84.9,28.584,77.206,216.0,Delhi Safdarjung AWS
2026-06-01T03:00:00,AWS-DEL-001,21.43,996.41,80.9,28.584,77.206,216.0,Delhi Safdarjung AWS
2026-06-01T03:05:00,AWS-DEL-001,20.73,996.31,85.5,28.584,77.206,216.0,Delhi Safdarjung AWS
2026-06-01T03:10:00,AWS-DEL-001,21.11,996.33,83.3,28.584,77.206,216.0,Delhi Safdarjung AWS
2026-06-01T03:15:00,AWS-DEL-001,21.04,996.17,83.2,28.584,77.206,216.0,Delhi Safdarjung AWS
2026-06-01T03:20:00,AWS-DEL-001,32.8,996.38,79.9,28.584,77.206,216.0,Delhi Safdarjung AWS
2026-06-01T03:25:00,AWS-DEL-001,20.85,996.2,84.7,28.584,77.206,216.0,Delhi Safdarjung AWS
2026-06-01T03:30:00,AWS-DEL-001,21.09,995.94,82.5,28.584,77.206,216.0,Delhi Safdarjung AWS
2026-06-01T03:35:00,AWS-DEL-001,21.34,996.1,81.9,28.584,77.206,216.0,Delhi Safdarjung AWS
2026-06-01T03:40:00,AWS-DEL-001,21.19,996.14,83.6,28.584,77.206,216.0,Delhi Safdarjung AWS
2026-06-01T03:45:00,AWS-DEL-001,20.88,995.91,84.4,28.584,77.206,216.0,Delhi Safdarjung AWS
2026-06-01T03:50:00,AWS-DEL-001,21.29,996.12,82.5,28.584,77.206,216.0,Delhi Safdarjung AWS
2026-06-01T03:55:00,AWS-DEL-001,21.38,996.21,81.5,28.584,77.206,216.0,Delhi Safdarjung AWS
2026-06-01T04:00:00,AWS-DEL-001,21.57,995.91,81.2,28.584,77.206,216.0,Delhi Safdarjung AWS
2026-06-01T04:05:00,AWS-DEL-001,20.93,995.8,84.4,28.584,77.206,216.0,Delhi Safdarjung AWS
2026-06-01T04:10:00,AWS-DEL-001,21.45,995.82,82.1,28.584,77.206,216.0,Delhi Safdarjung AWS
2026-06-01T04:15:00,AWS-DEL-001,21.76,996.17,82.8,28.584,77.206,216.0,Delhi Safdarjung AWS
2026-06-01T04:20:00,AWS-DEL-001,21.76,996.06,80.8,28.584,77.206,216.0,Delhi Safdarjung AWS
2026-06-01T04:25:00,AWS-DEL-001,21.97,996.42,79.3,28.584,77.206,216.0,Delhi Safdarjung AWS
2026-06-01T04:30:00,AWS-DEL-001,22.35,996.04,75.7,28.584,77.206,216.0,Delhi Safdarjung AWS
2026-06-01T04:35:00,AWS-DEL-001,21.61,995.99,79.9,28.584,77.206,216.0,Delhi Safdarjung AWS
2026-06-01T04:40:00,AWS-DEL-001,21.63,996.05,80.1,28.584,77.206,216.0,Delhi Safdarjung AWS
2026-06-01T04:45:00,AWS-DEL-001,22.52,995.88,76.5,28.584,77.206,216.0,Delhi Safdarjung AWS
2026-06-01T04:50:00,AWS-DEL-001,22.53,995.97,74.3,28.584,77.206,216.0,Delhi Safdarjung AWS
2026-06-01T04:55:00,AWS-DEL-001,22.49,996.22,77.2,28.584,77.206,216.0,Delhi Safdarjung AWS
2026-06-01T05:00:00,AWS-DEL-001,22.24,996.37,77.4,28.584,77.206,216.0,Delhi Safdarjung AWS
2026-06-01T05:05:00,AWS-DEL-001,22.75,996.39,75.0,28.584,77.206,216.0,Delhi Safdarjung AWS
2026-06-01T05:10:00,AWS-DEL-001,22.33,996.52,78.5,28.584,77.206,216.0,Delhi Safdarjung AWS
2026-06-01T05:15:00,AWS-DEL-001,22.52,996.42,76.9,28.584,77.206,216.0,Delhi Safdarjung AWS
2026-06-01T05:20:00,AWS-DEL-001,22.69,996.17,76.0,28.584,77.206,216.0,Delhi Safdarjung AWS
2026-06-01T05:25:00,AWS-DEL-001,22.77,996.43,75.5,28.584,77.206,216.0,Delhi Safdarjung AWS
2026-06-01T05:30:00,AWS-DEL-001,22.86,996.5,74.6,28.584,77.206,216.0,Delhi Safdarjung AWS
2026-06-01T05:35:00,AWS-DEL-001,23.29,996.82,71.2,28.584,77.206,216.0,Delhi Safdarjung AWS
2026-06-01T05:40:00,AWS-DEL-001,23.51,996.51,69.9,28.584,77.206,216.0,Delhi Safdarjung AWS
2026-06-01T05:45:00,AWS-DEL-001,23.4,996.43,74.0,28.584,77.206,216.0,Delhi Safdarjung AWS
2026-06-01T05:50:00,AWS-DEL-001,23.18,996.49,72.0,28.584,77.206,216.0,Delhi Safdarjung AWS
2026-06-01T05:55:00,AWS-DEL-001,24.17,996.34,67.9,28.584,77.206,216.0,Delhi Safdarjung AWS
2026-06-01T06:00:00,AWS-DEL-001,23.56,996.9,70.6,28.584,77.206,216.0,Delhi Safdarjung AWS
2026-06-01T06:05:00,AWS-DEL-001,23.55,996.9,71.8,28.584,77.206,216.0,Delhi Safdarjung AWS
2026-06-01T06:10:00,AWS-DEL-001,24.3,996.84,67.3,28.584,77.206,216.0,Delhi Safdarjung AWS
2026-06-01T06:15:00,AWS-DEL-001,24.18,996.96,67.8,28.584,77.206,216.0,Delhi Safdarjung AWS
2026-06-01T06:20:00,AWS-DEL-001,23.79,996.79,70.2,28.584,77.206,216.0,Delhi Safdarjung AWS
2026-06-01T06:25:00,AWS-DEL-001,24.52,997.08,66.9,28.584,77.206,216.0,Delhi Safdarjung AWS
2026-06-01T06:30:00,AWS-DEL-001,24.42,997.08,66.2,28.584,77.206,216.0,Delhi Safdarjung AWS
2026-06-01T06:35:00,AWS-DEL-001,24.65,997.14,67.3,28.584,77.206,216.0,Delhi Safdarjung AWS
2026-06-01T06:40:00,AWS-DEL-001,24.55,997.02,67.4,28.584,77.206,216.0,Delhi Safdarjung AWS
2026-06-01T06:45:00,AWS-DEL-001,24.6,997.38,68.1,28.584,77.206,216.0,Delhi Safdarjung AWS
2026-06-01T06:50:00,AWS-DEL-001,24.88,997.54,67.1,28.584,77.206,216.0,Delhi Safdarjung AWS
2026-06-01T06:55:00,AWS-DEL-001,25.07,997.36,62.9,28.584,77.206,216.0,Delhi Safdarjung AWS
2026-06-01T07:00:00,AWS-DEL-001,25.07,997.27,64.9,28.584,77.206,216.0,Delhi Safdarjung AWS
2026-06-01T07:05:00,AWS-DEL-001,25.87,997.41,62.5,28.584,77.206,216.0,Delhi Safdarjung AWS
2026-06-01T07:10:00,AWS-DEL-001,25.65,997.34,64.1,28.584,77.206,216.0,Delhi Safdarjung AWS
2026-06-01T07:15:00,AWS-DEL-001,25.25,998.01,65.0,28.584,77.206,216.0,Delhi Safdarjung AWS
2026-06-01T07:20:00,AWS-DEL-001,25.75,997.78,63.9,28.584,77.206,216.0,Delhi Safdarjung AWS
2026-06-01T07:25:00,AWS-DEL-001,26.07,998.15,61.7,28.584,77.206,216.0,Delhi Safdarjung AWS
2026-06-01T07:30:00,AWS-DEL-001,25.69,997.76,62.7,28.584,77.206,216.0,Delhi Safdarjung AWS
2026-06-01T07:35:00,AWS-DEL-001,26.75,997.97,60.2,28.584,77.206,216.0,Delhi Safdarjung AWS
2026-06-01T07:40:00,AWS-DEL-001,25.88,997.9,63.3,28.584,77.206,216.0,Delhi Safdarjung AWS
2026-06-01T07:45:00,AWS-DEL-001,26.73,998.26,59.9,28.584,77.206,216.0,Delhi Safdarjung AWS
2026-06-01T07:50:00,AWS-DEL-001,27.09,998.35,58.0,28.584,77.206,216.0,Delhi Safdarjung AWS
2026-06-01T07:55:00,AWS-DEL-001,27.16,997.71,56.5,28.584,77.206,216.0,Delhi Safdarjung AWS
2026-06-01T08:00:00,AWS-DEL-001,26.29,998.48,61.4,28.584,77.206,216.0,Delhi Safdarjung AWS
2026-06-01T08:05:00,AWS-DEL-001,27.56,998.79,55.9,28.584,77.206,216.0,Delhi Safdarjung AWS
2026-06-01T08:10:00,AWS-DEL-001,27.15,998.3,56.8,28.584,77.206,216.0,Delhi Safdarjung AWS
2026-06-01T08:15:00,AWS-DEL-001,27.55,998.48,56.3,28.584,77.206,216.0,Delhi Safdarjung AWS
2026-06-01T08:20:00,AWS-DEL-001,27.63,998.68,57.5,28.584,77.206,216.0,Delhi Safdarjung AWS
2026-06-01T08:25:00,AWS-DEL-001,27.69,998.25,55.8,28.584,77.206,216.0,Delhi Safdarjung AWS
2026-06-01T08:30:00,AWS-DEL-001,28.57,998.57,52.1,28.584,77.206,216.0,Delhi Safdarjung AWS
2026-06-01T08:35:00,AWS-DEL-001,28.32,998.78,54.2,28.584,77.206,216.0,Delhi Safdarjung AWS
2026-06-01T08:40:00,AWS-DEL-001,28.11,998.63,54.2,28.584,77.206,216.0,Delhi Safdarjung AWS
2026-06-01T08:45:00,AWS-DEL-001,28.11,998.89,55.2,28.584,77.206,216.0,Delhi Safdarjung AWS
2026-06-01T08:50:00,AWS-DEL-001,28.71,998.83,53.7,28.584,77.206,216.0,Delhi Safdarjung AWS
2026-06-01T08:55:00,AWS-DEL-001,28.8,998.9,53.1,28.584,77.206,216.0,Delhi Safdarjung AWS
2026-06-01T09:00:00,AWS-DEL-001,28.74,999.15,52.3,28.584,77.206,216.0,Delhi Safdarjung AWS
2026-06-01T09:05:00,AWS-DEL-001,28.5,998.97,54.3,28.584,77.206,216.0,Delhi Safdarjung AWS
2026-06-01T09:10:00,AWS-DEL-001,29.09,998.67,52.8,28.584,77.206,216.0,Delhi Safdarjung AWS
2026-06-01T09:15:00,AWS-DEL-001,29.28,999.25,51.4,28.584,77.206,216.0,Delhi Safdarjung AWS
2026-06-01T09:20:00,AWS-DEL-001,29.01,999.06,53.6,28.584,77.206,216.0,Delhi Safdarjung AWS
2026-06-01T09:25:00,AWS-DEL-001,29.73,999.18,50.6,28.584,77.206,216.0,Delhi Safdarjung AWS
2026-06-01T09:30:00,AWS-DEL-001,30.13,999.2,49.9,28.584,77.206,216.0,Delhi Safdarjung AWS
2026-06-01T09:35:00,AWS-DEL-001,29.82,999.59,49.7,28.584,77.206,216.0,Delhi Safdarjung AWS
2026-06-01T09:40:00,AWS-DEL-001,30.28,999.23,47.4,28.584,77.206,216.0,Delhi Safdarjung AWS
2026-06-01T09:45:00,AWS-DEL-001,29.64,999.36,51.3,28.584,77.206,216.0,Delhi Safdarjung AWS
2026-06-01T09:50:00,AWS-DEL-001,30.35,999.65,48.2,28.584,77.206,216.0,Delhi Safdarjung AWS
2026-06-01T09:55:00,AWS-DEL-001,29.99,999.53,47.7,28.584,77.206,216.0,Delhi Safdarjung AWS
2026-06-01T10:00:00,AWS-DEL-001,30.62,999.32,48.4,28.584,77.206,216.0,Delhi Safdarjung AWS
2026-06-01T10:05:00,AWS-DEL-001,30.39,999.49,47.9,28.584,77.206,216.0,Delhi Safdarjung AWS
2026-06-01T10:10:00,AWS-DEL-001,31.06,999.19,46.6,28.584,77.206,216.0,Delhi Safdarjung AWS
2026-06-01T10:15:00,AWS-DEL-001,31.33,999.29,45.0,28.584,77.206,216.0,Delhi Safdarjung AWS
2026-06-01T10:20:00,AWS-DEL-001,31.35,999.37,45.1,28.584,77.206,216.0,Delhi Safdarjung AWS
2026-06-01T10:25:00,AWS-DEL-001,31.1,999.35,48.0,28.584,77.206,216.0,Delhi Safdarjung AWS
2026-06-01T10:30:00,AWS-DEL-001,30.8,999.47,45.2,28.584,77.206,216.0,Delhi Safdarjung AWS
2026-06-01T10:35:00,AWS-DEL-001,30.94,999.33,47.2,28.584,77.206,216.0,Delhi Safdarjung AWS
2026-06-01T10:40:00,AWS-DEL-001,31.5,999.71,44.9,28.584,77.206,216.0,Delhi Safdarjung AWS
2026-06-01T10:45:00,AWS-DEL-001,31.5,999.23,46.0,28.584,77.206,216.0,Delhi Safdarjung AWS
2026-06-01T10:50:00,AWS-DEL-001,31.96,999.25,44.6,28.584,77.206,216.0,Delhi Safdarjung AWS
2026-06-01T10:55:00,AWS-DEL-001,31.98,998.87,43.8,28.584,77.206,216.0,Delhi Safdarjung AWS
2026-06-01T11:00:00,AWS-DEL-001,31.96,999.13,43.8,28.584,77.206,216.0,Delhi Safdarjung AWS
2026-06-01T11:05:00,AWS-DEL-001,32.78,999.57,43.5,28.584,77.206,216.0,Delhi Safdarjung AWS
2026-06-01T11:10:00,AWS-DEL-001,32.74,999.13,41.9,28.584,77.206,216.0,Delhi Safdarjung AWS
2026-06-01T11:15:00,AWS-DEL-001,32.95,999.38,41.8,28.584,77.206,216.0,Delhi Safdarjung AWS
2026-06-01T11:20:00,AWS-DEL-001,32.62,999.14,41.5,28.584,77.206,216.0,Delhi Safdarjung AWS
2026-06-01T11:25:00,AWS-DEL-001,33.02,999.22,40.4,28.584,77.206,216.0,Delhi Safdarjung AWS
2026-06-01T11:30:00,AWS-DEL-001,32.8,999.08,40.2,28.584,77.206,216.0,Delhi Safdarjung AWS
2026-06-01T11:35:00,AWS-DEL-001,32.69,999.26,43.0,28.584,77.206,216.0,Delhi Safdarjung AWS
2026-06-01T11:40:00,AWS-DEL-001,33.5,999.14,39.9,28.584,77.206,216.0,Delhi Safdarjung AWS
2026-06-01T11:45:00,AWS-DEL-001,33.01,999.19,43.2,28.584,77.206,216.0,Delhi Safdarjung AWS
2026-06-01T11:50:00,AWS-DEL-001,33.06,998.95,40.9,28.584,77.206,216.0,Delhi Safdarjung AWS
2026-06-01T11:55:00,AWS-DEL-001,33.14,999.01,41.1,28.584,77.206,216.0,Delhi Safdarjung AWS
2026-06-01T12:00:00,AWS-DEL-001,33.66,998.7,39.4,28.584,77.206,216.0,Delhi Safdarjung AWS
2026-06-01T12:05:00,AWS-DEL-001,33.75,999.0,40.0,28.584,77.206,216.0,Delhi Safdarjung AWS
2026-06-01T12:10:00,AWS-DEL-001,33.57,998.88,37.6,28.584,77.206,216.0,Delhi Safdarjung AWS
2026-06-01T12:15:00,AWS-DEL-001,33.74,998.77,39.5,28.584,77.206,216.0,Delhi Safdarjung AWS
2026-06-01T12:20:00,AWS-DEL-001,33.83,998.79,39.2,28.584,77.206,216.0,Delhi Safdarjung AWS
2026-06-01T12:25:00,AWS-DEL-001,34.21,998.67,39.8,28.584,77.206,216.0,Delhi Safdarjung AWS
2026-06-01T12:30:00,AWS-DEL-001,34.47,998.66,36.2,28.584,77.206,216.0,Delhi Safdarjung AWS
2026-06-01T12:35:00,AWS-DEL-001,34.37,998.63,37.0,28.584,77.206,216.0,Delhi Safdarjung AWS
2026-06-01T12:40:00,AWS-DEL-001,33.66,998.38,37.0,28.584,77.206,216.0,Delhi Safdarjung AWS
2026-06-01T12:45:00,AWS-DEL-001,34.14,998.24,37.6,28.584,77.206,216.0,Delhi Safdarjung AWS
2026-06-01T12:50:00,AWS-DEL-001,34.24,998.38,38.3,28.584,77.206,216.0,Delhi Safdarjung AWS
2026-06-01T12:55:00,AWS-DEL-001,34.29,998.89,38.1,28.584,77.206,216.0,Delhi Safdarjung AWS
2026-06-01T13:00:00,AWS-DEL-001,33.85,998.81,38.7,28.584,77.206,216.0,Delhi Safdarjung AWS
2026-06-01T13:05:00,AWS-DEL-001,34.3,998.28,38.5,28.584,77.206,216.0,Delhi Safdarjung AWS
2026-06-01T13:10:00,AWS-DEL-001,34.07,998.69,38.9,28.584,77.206,216.0,Delhi Safdarjung AWS
2026-06-01T13:15:00,AWS-DEL-001,34.04,998.23,39.0,28.584,77.206,216.0,Delhi Safdarjung AWS
2026-06-01T13:20:00,AWS-DEL-001,34.19,998.32,37.3,28.584,77.206,216.0,Delhi Safdarjung AWS
2026-06-01T13:25:00,AWS-DEL-001,34.36,998.23,40.1,28.584,77.206,216.0,Delhi Safdarjung AWS
2026-06-01T13:30:00,AWS-DEL-001,34.14,998.58,39.8,28.584,77.206,216.0,Delhi Safdarjung AWS
2026-06-01T13:35:00,AWS-DEL-001,34.54,997.95,37.4,28.584,77.206,216.0,Delhi Safdarjung AWS
2026-06-01T13:40:00,AWS-DEL-001,34.5,998.19,38.1,28.584,77.206,216.0,Delhi Safdarjung AWS
2026-06-01T13:45:00,AWS-DEL-001,34.93,997.84,38.1,28.584,77.206,216.0,Delhi Safdarjung AWS
2026-06-01T13:50:00,AWS-DEL-001,34.52,997.78,38.8,28.584,77.206,216.0,Delhi Safdarjung AWS
2026-06-01T13:55:00,AWS-DEL-001,34.97,997.92,36.5,28.584,77.206,216.0,Delhi Safdarjung AWS
2026-06-01T14:00:00,AWS-DEL-001,34.46,998.09,37.7,28.584,77.206,216.0,Delhi Safdarjung AWS
2026-06-01T14:05:00,AWS-DEL-001,34.8,997.72,37.5,28.584,77.206,216.0,Delhi Safdarjung AWS
2026-06-01T14:10:00,AWS-DEL-001,34.62,997.57,37.8,28.584,77.206,216.0,Delhi Safdarjung AWS
2026-06-01T14:15:00,AWS-DEL-001,34.8,997.48,37.5,28.584,77.206,216.0,Delhi Safdarjung AWS
2026-06-01T14:20:00,AWS-DEL-001,34.62,997.42,39.3,28.584,77.206,216.0,Delhi Safdarjung AWS
2026-06-01T14:25:00,AWS-DEL-001,34.69,997.99,37.5,28.584,77.206,216.0,Delhi Safdarjung AWS
2026-06-01T14:30:00,AWS-DEL-001,34.66,997.51,36.8,28.584,77.206,216.0,Delhi Safdarjung AWS
2026-06-01T14:35:00,AWS-DEL-001,34.62,997.93,38.7,28.584,77.206,216.0,Delhi Safdarjung AWS
2026-06-01T14:40:00,AWS-DEL-001,34.27,997.32,38.2,28.584,77.206,216.0,Delhi Safdarjung AWS
2026-06-01T14:45:00,AWS-DEL-001,34.79,997.23,38.8,28.584,77.206,216.0,Delhi Safdarjung AWS
2026-06-01T14:50:00,AWS-DEL-001,34.98,997.65,37.5,28.584,77.206,216.0,Delhi Safdarjung AWS
2026-06-01T14:55:00,AWS-DEL-001,34.85,997.77,37.0,28.584,77.206,216.0,Delhi Safdarjung AWS
2026-06-01T15:00:00,AWS-DEL-001,35.27,997.51,36.1,28.584,77.206,216.0,Delhi Safdarjung AWS
2026-06-01T15:05:00,AWS-DEL-001,34.02,997.4,39.3,28.584,77.206,216.0,Delhi Safdarjung AWS
2026-06-01T15:10:00,AWS-DEL-001,34.46,997.43,37.3,28.584,77.206,216.0,Delhi Safdarjung AWS
2026-06-01T15:15:00,AWS-DEL-001,34.89,997.66,38.1,28.584,77.206,216.0,Delhi Safdarjung AWS
2026-06-01T15:20:00,AWS-DEL-001,34.87,997.39,37.2,28.584,77.206,216.0,Delhi Safdarjung AWS
2026-06-01T15:25:00,AWS-DEL-001,34.62,997.19,38.2,28.584,77.206,216.0,Delhi Safdarjung AWS
2026-06-01T15:30:00,AWS-DEL-001,34.47,996.98,37.7,28.584,77.206,216.0,Delhi Safdarjung AWS
2026-06-01T15:35:00,AWS-DEL-001,34.7,997.34,38.6,28.584,77.206,216.0,Delhi Safdarjung AWS
2026-06-01T15:40:00,AWS-DEL-001,34.11,997.05,39.8,28.584,77.206,216.0,Delhi Safdarjung AWS
2026-06-01T15:45:00,AWS-DEL-001,34.73,997.33,37.1,28.584,77.206,216.0,Delhi Safdarjung AWS
2026-06-01T15:50:00,AWS-DEL-001,34.45,997.41,38.3,28.584,77.206,216.0,Delhi Safdarjung AWS
2026-06-01T15:55:00,AWS-DEL-001,34.43,997.08,38.2,28.584,77.206,216.0,Delhi Safdarjung AWS
2026-06-01T16:00:00,AWS-DEL-001,34.08,997.1,39.2,28.584,77.206,216.0,Delhi Safdarjung AWS
2026-06-01T16:05:00,AWS-DEL-001,33.97,997.23,40.5,28.584,77.206,216.0,Delhi Safdarjung AWS
2026-06-01T16:10:00,AWS-DEL-001,34.0,996.95,39.0,28.584,77.206,216.0,Delhi Safdarjung AWS
2026-06-01T16:15:00,AWS-DEL-001,33.94,997.49,39.9,28.584,77.206,216.0,Delhi Safdarjung AWS
2026-06-01T16:20:00,AWS-DEL-001,34.15,997.31,38.3,28.584,77.206,216.0,Delhi Safdarjung AWS
2026-06-01T16:25:00,AWS-DEL-001,33.83,996.78,39.3,28.584,77.206,216.0,Delhi Safdarjung AWS
2026-06-01T16:30:00,AWS-DEL-001,33.34,996.75,40.1,28.584,77.206,216.0,Delhi Safdarjung AWS
2026-06-01T16:35:00,AWS-DEL-001,33.41,997.26,39.2,28.584,77.206,216.0,Delhi Safdarjung AWS
2026-06-01T16:40:00,AWS-DEL-001,33.83,996.96,39.9,28.584,77.206,216.0,Delhi Safdarjung AWS
2026-06-01T16:45:00,AWS-DEL-001,33.18,996.96,39.6,28.584,77.206,216.0,Delhi Safdarjung AWS
2026-06-01T16:50:00,AWS-DEL-001,33.24,997.23,41.0,28.584,77.206,216.0,Delhi Safdarjung AWS
2026-06-01T16:55:00,AWS-DEL-001,33.15,997.18,40.6,28.584,77.206,216.0,Delhi Safdarjung AWS
2026-06-01T17:00:00,AWS-DEL-001,33.22,997.02,40.9,28.584,77.206,216.0,Delhi Safdarjung AWS
2026-06-01T17:05:00,AWS-DEL-001,33.3,997.1,40.8,28.584,77.206,216.0,Delhi Safdarjung AWS
2026-06-01T17:10:00,AWS-DEL-001,33.27,997.23,40.5,28.584,77.206,216.0,Delhi Safdarjung AWS
2026-06-01T17:15:00,AWS-DEL-001,32.55,997.49,43.1,28.584,77.206,216.0,Delhi Safdarjung AWS
2026-06-01T17:20:00,AWS-DEL-001,32.73,997.23,40.5,28.584,77.206,216.0,Delhi Safdarjung AWS
2026-06-01T17:25:00,AWS-DEL-001,32.82,997.31,42.0,28.584,77.206,216.0,Delhi Safdarjung AWS
2026-06-01T17:30:00,AWS-DEL-001,32.86,997.57,43.6,28.584,77.206,216.0,Delhi Safdarjung AWS
2026-06-01T17:35:00,AWS-DEL-001,32.42,997.0,43.5,28.584,77.206,216.0,Delhi Safdarjung AWS
2026-06-01T17:40:00,AWS-DEL-001,32.58,997.45,42.7,28.584,77.206,216.0,Delhi Safdarjung AWS
2026-06-01T17:45:00,AWS-DEL-001,32.51,997.78,42.3,28.584,77.206,216.0,Delhi Safdarjung AWS
2026-06-01T17:50:00,AWS-DEL-001,32.76,997.74,41.5,28.584,77.206,216.0,Delhi Safdarjung AWS
2026-06-01T17:55:00,AWS-DEL-001,31.81,997.63,45.6,28.584,77.206,216.0,Delhi Safdarjung AWS
2026-06-01T18:00:00,AWS-DEL-001,32.14,997.67,41.0,28.584,77.206,216.0,Delhi Safdarjung AWS
2026-06-01T18:05:00,AWS-DEL-001,31.85,997.86,43.9,28.584,77.206,216.0,Delhi Safdarjung AWS
2026-06-01T18:10:00,AWS-DEL-001,31.82,997.35,43.8,28.584,77.206,216.0,Delhi Safdarjung AWS
2026-06-01T18:15:00,AWS-DEL-001,32.13,997.87,43.7,28.584,77.206,216.0,Delhi Safdarjung AWS
2026-06-01T18:20:00,AWS-DEL-001,31.86,997.81,44.2,28.584,77.206,216.0,Delhi Safdarjung AWS
2026-06-01T18:25:00,AWS-DEL-001,31.33,998.11,45.5,28.584,77.206,216.0,Delhi Safdarjung AWS
2026-06-01T18:30:00,AWS-DEL-001,31.49,997.41,43.9,28.584,77.206,216.0,Delhi Safdarjung AWS
2026-06-01T18:35:00,AWS-DEL-001,31.95,997.58,44.2,28.584,77.206,216.0,Delhi Safdarjung AWS
2026-06-01T18:40:00,AWS-DEL-001,31.0,997.91,46.9,28.584,77.206,216.0,Delhi Safdarjung AWS
2026-06-01T18:45:00,AWS-DEL-001,31.16,997.98,45.9,28.584,77.206,216.0,Delhi Safdarjung AWS
2026-06-01T18:50:00,AWS-DEL-001,31.15,998.36,45.5,28.584,77.206,216.0,Delhi Safdarjung AWS
2026-06-01T18:55:00,AWS-DEL-001,30.82,997.94,46.6,28.584,77.206,216.0,Delhi Safdarjung AWS
2026-06-01T19:00:00,AWS-DEL-001,29.69,998.26,50.2,28.584,77.206,216.0,Delhi Safdarjung AWS
2026-06-01T19:05:00,AWS-DEL-001,30.22,998.5,46.8,28.584,77.206,216.0,Delhi Safdarjung AWS
2026-06-01T19:10:00,AWS-DEL-001,30.43,998.52,46.3,28.584,77.206,216.0,Delhi Safdarjung AWS
2026-06-01T19:15:00,AWS-DEL-001,30.27,998.35,48.5,28.584,77.206,216.0,Delhi Safdarjung AWS
2026-06-01T19:20:00,AWS-DEL-001,30.0,998.44,47.9,28.584,77.206,216.0,Delhi Safdarjung AWS
2026-06-01T19:25:00,AWS-DEL-001,30.42,998.21,48.4,28.584,77.206,216.0,Delhi Safdarjung AWS
2026-06-01T19:30:00,AWS-DEL-001,29.45,998.31,50.1,28.584,77.206,216.0,Delhi Safdarjung AWS
2026-06-01T19:35:00,AWS-DEL-001,29.41,998.38,51.0,28.584,77.206,216.0,Delhi Safdarjung AWS
2026-06-01T19:40:00,AWS-DEL-001,29.56,998.33,49.6,28.584,77.206,216.0,Delhi Safdarjung AWS
2026-06-01T19:45:00,AWS-DEL-001,29.07,999.06,50.9,28.584,77.206,216.0,Delhi Safdarjung AWS
2026-06-01T19:50:00,AWS-DEL-001,29.7,998.74,50.6,28.584,77.206,216.0,Delhi Safdarjung AWS
2026-06-01T19:55:00,AWS-DEL-001,28.89,998.7,50.8,28.584,77.206,216.0,Delhi Safdarjung AWS
2026-06-01T20:00:00,AWS-DEL-001,29.22,999.15,50.6,28.584,77.206,216.0,Delhi Safdarjung AWS
2026-06-01T20:05:00,AWS-DEL-001,28.49,999.03,52.7,28.584,77.206,216.0,Delhi Safdarjung AWS
2026-06-01T20:10:00,AWS-DEL-001,28.81,999.03,53.6,28.584,77.206,216.0,Delhi Safdarjung AWS
2026-06-01T20:15:00,AWS-DEL-001,28.32,999.4,54.7,28.584,77.206,216.0,Delhi Safdarjung AWS
2026-06-01T20:20:00,AWS-DEL-001,28.26,998.86,54.8,28.584,77.206,216.0,Delhi Safdarjung AWS
2026-06-01T20:25:00,AWS-DEL-001,28.42,998.66,52.7,28.584,77.206,216.0,Delhi Safdarjung AWS
2026-06-01T20:30:00,AWS-DEL-001,27.65,999.1,57.2,28.584,77.206,216.0,Delhi Safdarjung AWS
2026-06-01T20:35:00,AWS-DEL-001,27.66,999.16,56.3,28.584,77.206,216.0,Delhi Safdarjung AWS
2026-06-01T20:40:00,AWS-DEL-001,27.58,999.05,56.6,28.584,77.206,216.0,Delhi Safdarjung AWS
2026-06-01T20:45:00,AWS-DEL-001,27.14,999.01,59.4,28.584,77.206,216.0,Delhi Safdarjung AWS
2026-06-01T20:50:00,AWS-DEL-001,27.25,998.87,57.3,28.584,77.206,216.0,Delhi Safdarjung AWS
2026-06-01T20:55:00,AWS-DEL-001,27.17,999.3,58.0,28.584,77.206,216.0,Delhi Safdarjung AWS
2026-06-01T21:00:00,AWS-DEL-001,26.77,999.53,59.9,28.584,77.206,216.0,Delhi Safdarjung AWS
2026-06-01T21:05:00,AWS-DEL-001,26.94,999.09,56.9,28.584,77.206,216.0,Delhi Safdarjung AWS
2026-06-01T21:10:00,AWS-DEL-001,26.64,999.48,59.9,28.584,77.206,216.0,Delhi Safdarjung AWS
2026-06-01T21:15:00,AWS-DEL-001,26.82,999.28,57.8,28.584,77.206,216.0,Delhi Safdarjung AWS
2026-06-01T21:20:00,AWS-DEL-001,26.22,999.61,59.4,28.584,77.206,216.0,Delhi Safdarjung AWS
2026-06-01T21:25:00,AWS-DEL-001,26.19,999.37,60.8,28.584,77.206,216.0,Delhi Safdarjung AWS
2026-06-01T21:30:00,AWS-DEL-001,25.95,999.23,62.7,28.584,77.206,216.0,Delhi Safdarjung AWS
2026-06-01T21:35:00,AWS-DEL-001,26.27,999.43,58.7,28.584,77.206,216.0,Delhi Safdarjung AWS
2026-06-01T21:40:00,AWS-DEL-001,25.62,999.33,62.6,28.584,77.206,216.0,Delhi Safdarjung AWS
2026-06-01T21:45:00,AWS-DEL-001,25.27,999.13,62.9,28.584,77.206,216.0,Delhi Safdarjung AWS
2026-06-01T21:50:00,AWS-DEL-001,25.35,999.4,66.4,28.584,77.206,216.0,Delhi Safdarjung AWS
2026-06-01T21:55:00,AWS-DEL-001,25.42,999.37,63.8,28.584,77.206,216.0,Delhi Safdarjung AWS
2026-06-01T22:00:00,AWS-DEL-001,25.34,999.35,63.7,28.584,77.206,216.0,Delhi Safdarjung AWS
2026-06-01T22:05:00,AWS-DEL-001,25.11,999.53,64.7,28.584,77.206,216.0,Delhi Safdarjung AWS
2026-06-01T22:10:00,AWS-DEL-001,24.87,999.41,64.6,28.584,77.206,216.0,Delhi Safdarjung AWS
2026-06-01T22:15:00,AWS-DEL-001,24.95,999.54,65.8,28.584,77.206,216.0,Delhi Safdarjung AWS
2026-06-01T22:20:00,AWS-DEL-001,25.0,999.38,65.4,28.584,77.206,216.0,Delhi Safdarjung AWS
2026-06-01T22:25:00,AWS-DEL-001,24.38,999.05,67.5,28.584,77.206,216.0,Delhi Safdarjung AWS
2026-06-01T22:30:00,AWS-DEL-001,24.13,999.06,69.0,28.584,77.206,216.0,Delhi Safdarjung AWS
2026-06-01T22:35:00,AWS-DEL-001,24.02,999.23,69.9,28.584,77.206,216.0,Delhi Safdarjung AWS
2026-06-01T22:40:00,AWS-DEL-001,23.96,999.04,72.1,28.584,77.206,216.0,Delhi Safdarjung AWS
2026-06-01T22:45:00,AWS-DEL-001,23.86,998.99,69.6,28.584,77.206,216.0,Delhi Safdarjung AWS
2026-06-01T22:50:00,AWS-DEL-001,23.92,999.18,70.8,28.584,77.206,216.0,Delhi Safdarjung AWS
2026-06-01T22:55:00,AWS-DEL-001,23.63,999.19,72.0,28.584,77.206,216.0,Delhi Safdarjung AWS
2026-06-01T23:00:00,AWS-DEL-001,23.56,998.95,72.3,28.584,77.206,216.0,Delhi Safdarjung AWS
2026-06-01T23:05:00,AWS-DEL-001,23.07,998.99,72.7,28.584,77.206,216.0,Delhi Safdarjung AWS
2026-06-01T23:10:00,AWS-DEL-001,23.55,998.77,71.3,28.584,77.206,216.0,Delhi Safdarjung AWS
2026-06-01T23:15:00,AWS-DEL-001,23.31,999.02,72.8,28.584,77.206,216.0,Delhi Safdarjung AWS
2026-06-01T23:20:00,AWS-DEL-001,23.49,998.97,72.5,28.584,77.206,216.0,Delhi Safdarjung AWS
2026-06-01T23:25:00,AWS-DEL-001,23.07,998.95,72.4,28.584,77.206,216.0,Delhi Safdarjung AWS
2026-06-01T23:30:00,AWS-DEL-001,23.29,998.79,73.3,28.584,77.206,216.0,Delhi Safdarjung AWS
2026-06-01T23:35:00,AWS-DEL-001,22.64,998.86,76.2,28.584,77.206,216.0,Delhi Safdarjung AWS
2026-06-01T23:40:00,AWS-DEL-001,23.09,998.33,74.4,28.584,77.206,216.0,Delhi Safdarjung AWS
2026-06-01T23:45:00,AWS-DEL-001,22.84,999.02,73.8,28.584,77.206,216.0,Delhi Safdarjung AWS
2026-06-01T23:50:00,AWS-DEL-001,22.62,998.77,76.4,28.584,77.206,216.0,Delhi Safdarjung AWS
2026-06-01T23:55:00,AWS-DEL-001,22.94,998.58,73.6,28.584,77.206,216.0,Delhi Safdarjung AWS
2026-06-01T00:00:00,AWS-JOD-002,25.26,995.49,49.7,26.258,73.048,224.0,Jodhpur Desert AWS
2026-06-01T00:05:00,AWS-JOD-002,26.04,995.03,48.6,26.258,73.048,224.0,Jodhpur Desert AWS
2026-06-01T00:10:00,AWS-JOD-002,25.49,995.16,51.3,26.258,73.048,224.0,Jodhpur Desert AWS
2026-06-01T00:15:00,AWS-JOD-002,24.98,994.82,50.7,26.258,73.048,224.0,Jodhpur Desert AWS
2026-06-01T00:20:00,AWS-JOD-002,25.22,995.07,50.3,26.258,73.048,224.0,Jodhpur Desert AWS
2026-06-01T00:25:00,AWS-JOD-002,25.18,995.38,50.0,26.258,73.048,224.0,Jodhpur Desert AWS
2026-06-01T00:30:00,AWS-JOD-002,25.04,995.05,51.0,26.258,73.048,224.0,Jodhpur Desert AWS
2026-06-01T00:35:00,AWS-JOD-002,24.47,995.19,53.8,26.258,73.048,224.0,Jodhpur Desert AWS
2026-06-01T00:40:00,AWS-JOD-002,24.74,994.91,51.6,26.258,73.048,224.0,Jodhpur Desert AWS
2026-06-01T00:45:00,AWS-JOD-002,25.18,994.64,51.0,26.258,73.048,224.0,Jodhpur Desert AWS
2026-06-01T00:50:00,AWS-JOD-002,24.89,995.06,50.6,26.258,73.048,224.0,Jodhpur Desert AWS
2026-06-01T00:55:00,AWS-JOD-002,24.36,994.76,54.3,26.258,73.048,224.0,Jodhpur Desert AWS
2026-06-01T01:00:00,AWS-JOD-002,24.11,994.6,52.3,26.258,73.048,224.0,Jodhpur Desert AWS
2026-06-01T01:05:00,AWS-JOD-002,24.36,994.43,52.0,26.258,73.048,224.0,Jodhpur Desert AWS
2026-06-01T01:10:00,AWS-JOD-002,24.24,994.56,53.0,26.258,73.048,224.0,Jodhpur Desert AWS
2026-06-01T01:15:00,AWS-JOD-002,24.25,994.46,53.6,26.258,73.048,224.0,Jodhpur Desert AWS
2026-06-01T01:20:00,AWS-JOD-002,24.53,994.23,52.1,26.258,73.048,224.0,Jodhpur Desert AWS
2026-06-01T01:25:00,AWS-JOD-002,23.08,993.97,56.6,26.258,73.048,224.0,Jodhpur Desert AWS
2026-06-01T01:30:00,AWS-JOD-002,24.07,994.4,53.0,26.258,73.048,224.0,Jodhpur Desert AWS
2026-06-01T01:35:00,AWS-JOD-002,24.17,994.14,53.7,26.258,73.048,224.0,Jodhpur Desert AWS
2026-06-01T01:40:00,AWS-JOD-002,24.15,994.26,52.6,26.258,73.048,224.0,Jodhpur Desert AWS
2026-06-01T01:45:00,AWS-JOD-002,23.66,994.01,54.4,26.258,73.048,224.0,Jodhpur Desert AWS
2026-06-01T01:50:00,AWS-JOD-002,23.72,994.4,54.7,26.258,73.048,224.0,Jodhpur Desert AWS
2026-06-01T01:55:00,AWS-JOD-002,23.15,994.14,57.4,26.258,73.048,224.0,Jodhpur Desert AWS
2026-06-01T02:00:00,AWS-JOD-002,23.7,993.68,54.4,26.258,73.048,224.0,Jodhpur Desert AWS
2026-06-01T02:05:00,AWS-JOD-002,23.61,993.89,54.0,26.258,73.048,224.0,Jodhpur Desert AWS
2026-06-01T02:10:00,AWS-JOD-002,23.91,993.82,54.3,26.258,73.048,224.0,Jodhpur Desert AWS
2026-06-01T02:15:00,AWS-JOD-002,24.13,993.79,53.5,26.258,73.048,224.0,Jodhpur Desert AWS
2026-06-01T02:20:00,AWS-JOD-002,23.76,993.83,54.5,26.258,73.048,224.0,Jodhpur Desert AWS
2026-06-01T02:25:00,AWS-JOD-002,23.82,993.86,55.5,26.258,73.048,224.0,Jodhpur Desert AWS
2026-06-01T02:30:00,AWS-JOD-002,23.08,993.43,57.5,26.258,73.048,224.0,Jodhpur Desert AWS
2026-06-01T02:35:00,AWS-JOD-002,23.99,993.4,53.1,26.258,73.048,224.0,Jodhpur Desert AWS
2026-06-01T02:40:00,AWS-JOD-002,23.35,993.58,55.7,26.258,73.048,224.0,Jodhpur Desert AWS
2026-06-01T02:45:00,AWS-JOD-002,23.98,993.73,55.1,26.258,73.048,224.0,Jodhpur Desert AWS
2026-06-01T02:50:00,AWS-JOD-002,23.13,993.34,56.9,26.258,73.048,224.0,Jodhpur Desert AWS
2026-06-01T02:55:00,AWS-JOD-002,24.02,993.53,54.3,26.258,73.048,224.0,Jodhpur Desert AWS
2026-06-01T03:00:00,AWS-JOD-002,23.48,993.54,54.3,26.258,73.048,224.0,Jodhpur Desert AWS
2026-06-01T03:05:00,AWS-JOD-002,23.46,993.43,53.9,26.258,73.048,224.0,Jodhpur Desert AWS
2026-06-01T03:10:00,AWS-JOD-002,24.09,993.09,53.2,26.258,73.048,224.0,Jodhpur Desert AWS
2026-06-01T03:15:00,AWS-JOD-002,23.77,992.43,53.9,26.258,73.048,224.0,Jodhpur Desert AWS
2026-06-01T03:20:00,AWS-JOD-002,23.22,992.94,56.5,26.258,73.048,224.0,Jodhpur Desert AWS
2026-06-01T03:25:00,AWS-JOD-002,23.7,993.46,54.5,26.258,73.048,224.0,Jodhpur Desert AWS
2026-06-01T03:30:00,AWS-JOD-002,23.66,993.36,55.5,26.258,73.048,224.0,Jodhpur Desert AWS
2026-06-01T03:35:00,AWS-JOD-002,25.12,993.14,50.6,26.258,73.048,224.0,Jodhpur Desert AWS
2026-06-01T03:40:00,AWS-JOD-002,23.45,992.99,53.6,26.258,73.048,224.0,Jodhpur Desert AWS
2026-06-01T03:45:00,AWS-JOD-002,24.69,993.12,52.3,26.258,73.048,224.0,Jodhpur Desert AWS
2026-06-01T03:50:00,AWS-JOD-002,24.79,992.84,51.4,26.258,73.048,224.0,Jodhpur Desert AWS
2026-06-01T03:55:00,AWS-JOD-002,24.06,992.79,54.6,26.258,73.048,224.0,Jodhpur Desert AWS
2026-06-01T04:00:00,AWS-JOD-002,23.79,993.17,54.7,26.258,73.048,224.0,Jodhpur Desert AWS
2026-06-01T04:05:00,AWS-JOD-002,23.83,993.24,54.5,26.258,73.048,224.0,Jodhpur Desert AWS
2026-06-01T04:10:00,AWS-JOD-002,24.61,993.14,49.2,26.258,73.048,224.0,Jodhpur Desert AWS
2026-06-01T04:15:00,AWS-JOD-002,25.37,992.63,50.2,26.258,73.048,224.0,Jodhpur Desert AWS
2026-06-01T04:20:00,AWS-JOD-002,24.37,992.92,52.6,26.258,73.048,224.0,Jodhpur Desert AWS
2026-06-01T04:25:00,AWS-JOD-002,24.36,993.18,51.4,26.258,73.048,224.0,Jodhpur Desert AWS
2026-06-01T04:30:00,AWS-JOD-002,24.89,993.17,51.0,26.258,73.048,224.0,Jodhpur Desert AWS
2026-06-01T04:35:00,AWS-JOD-002,25.39,992.75,48.9,26.258,73.048,224.0,Jodhpur Desert AWS
2026-06-01T04:40:00,AWS-JOD-002,24.69,992.57,51.2,26.258,73.048,224.0,Jodhpur Desert AWS
2026-06-01T04:45:00,AWS-JOD-002,25.11,993.02,49.1,26.258,73.048,224.0,Jodhpur Desert AWS
2026-06-01T04:50:00,AWS-JOD-002,25.25,992.84,50.2,26.258,73.048,224.0,Jodhpur Desert AWS
2026-06-01T04:55:00,AWS-JOD-002,25.02,993.08,51.4,26.258,73.048,224.0,Jodhpur Desert AWS
2026-06-01T05:00:00,AWS-JOD-002,24.99,993.15,50.3,26.258,73.048,224.0,Jodhpur Desert AWS
2026-06-01T05:05:00,AWS-JOD-002,25.99,992.97,48.0,26.258,73.048,224.0,Jodhpur Desert AWS
2026-06-01T05:10:00,AWS-JOD-002,25.71,992.77,48.0,26.258,73.048,224.0,Jodhpur Desert AWS
2026-06-01T05:15:00,AWS-JOD-002,25.58,993.21,48.8,26.258,73.048,224.0,Jodhpur Desert AWS
2026-06-01T05:20:00,AWS-JOD-002,26.3,993.28,47.7,26.258,73.048,224.0,Jodhpur Desert AWS
2026-06-01T05:25:00,AWS-JOD-002,26.43,992.9,46.5,26.258,73.048,224.0,Jodhpur Desert AWS
2026-06-01T05:30:00,AWS-JOD-002,26.45,993.51,45.9,26.258,73.048,224.0,Jodhpur Desert AWS
2026-06-01T05:35:00,AWS-JOD-002,26.47,993.33,47.8,26.258,73.048,224.0,Jodhpur Desert AWS
2026-06-01T05:40:00,AWS-JOD-002,27.34,993.15,45.2,26.258,73.048,224.0,Jodhpur Desert AWS
2026-06-01T05:45:00,AWS-JOD-002,27.01,993.15,45.2,26.258,73.048,224.0,Jodhpur Desert AWS
2026-06-01T05:50:00,AWS-JOD-002,28.34,993.51,42.5,26.258,73.048,224.0,Jodhpur Desert AWS
2026-06-01T05:55:00,AWS-JOD-002,28.89,993.74,39.4,26.258,73.048,224.0,Jodhpur Desert AWS
2026-06-01T06:00:00,AWS-JOD-002,29.32,993.59,39.5,26.258,73.048,224.0,Jodhpur Desert AWS
2026-06-01T06:05:00,AWS-JOD-002,29.52,993.66,39.2,26.258,73.048,224.0,Jodhpur Desert AWS
2026-06-01T06:10:00,AWS-JOD-002,30.68,993.44,35.0,26.258,73.048,224.0,Jodhpur Desert AWS
2026-06-01T06:15:00,AWS-JOD-002,30.88,993.66,34.4,26.258,73.048,224.0,Jodhpur Desert AWS
2026-06-01T06:20:00,AWS-JOD-002,31.27,993.7,32.0,26.258,73.048,224.0,Jodhpur Desert AWS
2026-06-01T06:25:00,AWS-JOD-002,32.31,993.85,29.7,26.258,73.048,224.0,Jodhpur Desert AWS
2026-06-01T06:30:00,AWS-JOD-002,32.21,993.97,30.7,26.258,73.048,224.0,Jodhpur Desert AWS
2026-06-01T06:35:00,AWS-JOD-002,32.39,994.21,30.6,26.258,73.048,224.0,Jodhpur Desert AWS
2026-06-01T06:40:00,AWS-JOD-002,33.87,994.32,25.6,26.258,73.048,224.0,Jodhpur Desert AWS
2026-06-01T06:45:00,AWS-JOD-002,33.47,994.0,28.3,26.258,73.048,224.0,Jodhpur Desert AWS
2026-06-01T06:50:00,AWS-JOD-002,33.85,994.19,26.1,26.258,73.048,224.0,Jodhpur Desert AWS
2026-06-01T06:55:00,AWS-JOD-002,34.42,994.02,24.0,26.258,73.048,224.0,Jodhpur Desert AWS
2026-06-01T07:00:00,AWS-JOD-002,35.19,994.09,23.4,26.258,73.048,224.0,Jodhpur Desert AWS
2026-06-01T07:05:00,AWS-JOD-002,35.83,994.62,22.3,26.258,73.048,224.0,Jodhpur Desert AWS
2026-06-01T07:10:00,AWS-JOD-002,36.18,994.74,19.9,26.258,73.048,224.0,Jodhpur Desert AWS
2026-06-01T07:15:00,AWS-JOD-002,37.09,994.79,17.5,26.258,73.048,224.0,Jodhpur Desert AWS
2026-06-01T07:20:00,AWS-JOD-002,36.72,994.88,18.8,26.258,73.048,224.0,Jodhpur Desert AWS
2026-06-01T07:25:00,AWS-JOD-002,37.64,994.78,17.6,26.258,73.048,224.0,Jodhpur Desert AWS
2026-06-01T07:30:00,AWS-JOD-002,38.28,994.77,15.3,26.258,73.048,224.0,Jodhpur Desert AWS
2026-06-01T07:35:00,AWS-JOD-002,38.36,995.12,15.5,26.258,73.048,224.0,Jodhpur Desert AWS
2026-06-01T07:40:00,AWS-JOD-002,39.13,995.27,14.0,26.258,73.048,224.0,Jodhpur Desert AWS
2026-06-01T07:45:00,AWS-JOD-002,39.22,995.13,12.2,26.258,73.048,224.0,Jodhpur Desert AWS
2026-06-01T07:50:00,AWS-JOD-002,31.8,995.19,35.0,26.258,73.048,224.0,Jodhpur Desert AWS
2026-06-01T07:55:00,AWS-JOD-002,32.58,994.64,33.4,26.258,73.048,224.0,Jodhpur Desert AWS
2026-06-01T08:00:00,AWS-JOD-002,31.85,995.45,35.1,26.258,73.048,224.0,Jodhpur Desert AWS
2026-06-01T08:05:00,AWS-JOD-002,32.47,995.08,32.9,26.258,73.048,224.0,Jodhpur Desert AWS
2026-06-01T08:10:00,AWS-JOD-002,32.19,995.49,32.3,26.258,73.048,224.0,Jodhpur Desert AWS
2026-06-01T08:15:00,AWS-JOD-002,33.11,995.53,31.7,26.258,73.048,224.0,Jodhpur Desert AWS
2026-06-01T08:20:00,AWS-JOD-002,32.84,995.5,31.7,26.258,73.048,224.0,Jodhpur Desert AWS
2026-06-01T08:25:00,AWS-JOD-002,33.27,995.36,30.9,26.258,73.048,224.0,Jodhpur Desert AWS
2026-06-01T08:30:00,AWS-JOD-002,33.24,995.68,32.6,26.258,73.048,224.0,Jodhpur Desert AWS
2026-06-01T08:35:00,AWS-JOD-002,33.21,995.5,31.5,26.258,73.048,224.0,Jodhpur Desert AWS
2026-06-01T08:40:00,AWS-JOD-002,33.69,995.71,29.8,26.258,73.048,224.0,Jodhpur Desert AWS
2026-06-01T08:45:00,AWS-JOD-002,34.21,995.69,31.1,26.258,73.048,224.0,Jodhpur Desert AWS
2026-06-01T08:50:00,AWS-JOD-002,34.07,995.45,30.5,26.258,73.048,224.0,Jodhpur Desert AWS
2026-06-01T08:55:00,AWS-JOD-002,34.57,995.48,29.6,26.258,73.048,224.0,Jodhpur Desert AWS
2026-06-01T09:00:00,AWS-JOD-002,34.41,995.73,29.0,26.258,73.048,224.0,Jodhpur Desert AWS
2026-06-01T09:05:00,AWS-JOD-002,34.75,995.69,29.1,26.258,73.048,224.0,Jodhpur Desert AWS
2026-06-01T09:10:00,AWS-JOD-002,34.64,995.92,30.7,26.258,73.048,224.0,Jodhpur Desert AWS
2026-06-01T09:15:00,AWS-JOD-002,34.92,995.52,28.8,26.258,73.048,224.0,Jodhpur Desert AWS
2026-06-01T09:20:00,AWS-JOD-002,35.68,995.99,26.3,26.258,73.048,224.0,Jodhpur Desert AWS
2026-06-01T09:25:00,AWS-JOD-002,35.61,995.51,27.9,26.258,73.048,224.0,Jodhpur Desert AWS
2026-06-01T09:30:00,AWS-JOD-002,35.6,995.91,27.6,26.258,73.048,224.0,Jodhpur Desert AWS
2026-06-01T09:35:00,AWS-JOD-002,36.13,996.12,28.4,26.258,73.048,224.0,Jodhpur Desert AWS
2026-06-01T09:40:00,AWS-JOD-002,36.28,996.11,27.1,26.258,73.048,224.0,Jodhpur Desert AWS
2026-06-01T09:45:00,AWS-JOD-002,36.03,996.03,27.7,26.258,73.048,224.0,Jodhpur Desert AWS
2026-06-01T09:50:00,AWS-JOD-002,36.08,995.93,26.8,26.258,73.048,224.0,Jodhpur Desert AWS
2026-06-01T09:55:00,AWS-JOD-002,36.92,995.66,26.2,26.258,73.048,224.0,Jodhpur Desert AWS
2026-06-01T10:00:00,AWS-JOD-002,35.58,995.79,27.4,26.258,73.048,224.0,Jodhpur Desert AWS
2026-06-01T10:05:00,AWS-JOD-002,36.67,996.33,26.4,26.258,73.048,224.0,Jodhpur Desert AWS
2026-06-01T10:10:00,AWS-JOD-002,37.19,996.31,25.4,26.258,73.048,224.0,Jodhpur Desert AWS
2026-06-01T10:15:00,AWS-JOD-002,37.4,996.02,24.3,26.258,73.048,224.0,Jodhpur Desert AWS
2026-06-01T10:20:00,AWS-JOD-002,38.4,996.21,23.6,26.258,73.048,224.0,Jodhpur Desert AWS
2026-06-01T10:25:00,AWS-JOD-002,37.26,996.5,25.3,26.258,73.048,224.0,Jodhpur Desert AWS
2026-06-01T10:30:00,AWS-JOD-002,38.36,996.6,23.7,26.258,73.048,224.0,Jodhpur Desert AWS
2026-06-01T10:35:00,AWS-JOD-002,38.41,996.12,23.5,26.258,73.048,224.0,Jodhpur Desert AWS
2026-06-01T10:40:00,AWS-JOD-002,38.38,995.85,22.3,26.258,73.048,224.0,Jodhpur Desert AWS
2026-06-01T10:45:00,AWS-JOD-002,38.73,996.04,23.7,26.258,73.048,224.0,Jodhpur Desert AWS
2026-06-01T10:50:00,AWS-JOD-002,39.29,996.21,22.1,26.258,73.048,224.0,Jodhpur Desert AWS
2026-06-01T10:55:00,AWS-JOD-002,38.45,996.32,24.7,26.258,73.048,224.0,Jodhpur Desert AWS
2026-06-01T11:00:00,AWS-JOD-002,38.8,996.08,24.5,26.258,73.048,224.0,Jodhpur Desert AWS
2026-06-01T11:05:00,AWS-JOD-002,38.56,996.12,22.6,26.258,73.048,224.0,Jodhpur Desert AWS
2026-06-01T11:10:00,AWS-JOD-002,39.61,996.11,22.8,26.258,73.048,224.0,Jodhpur Desert AWS
2026-06-01T11:15:00,AWS-JOD-002,39.48,996.01,22.8,26.258,73.048,224.0,Jodhpur Desert AWS
2026-06-01T11:20:00,AWS-JOD-002,39.34,995.83,22.8,26.258,73.048,224.0,Jodhpur Desert AWS
2026-06-01T11:25:00,AWS-JOD-002,39.72,995.88,22.7,26.258,73.048,224.0,Jodhpur Desert AWS
2026-06-01T11:30:00,AWS-JOD-002,40.14,995.64,22.0,26.258,73.048,224.0,Jodhpur Desert AWS
2026-06-01T11:35:00,AWS-JOD-002,39.76,996.08,21.9,26.258,73.048,224.0,Jodhpur Desert AWS
2026-06-01T11:40:00,AWS-JOD-002,40.03,995.61,22.3,26.258,73.048,224.0,Jodhpur Desert AWS
2026-06-01T11:45:00,AWS-JOD-002,40.64,995.54,21.7,26.258,73.048,224.0,Jodhpur Desert AWS
2026-06-01T11:50:00,AWS-JOD-002,41.18,995.77,21.1,26.258,73.048,224.0,Jodhpur Desert AWS
2026-06-01T11:55:00,AWS-JOD-002,40.61,995.61,21.5,26.258,73.048,224.0,Jodhpur Desert AWS
2026-06-01T12:00:00,AWS-JOD-002,40.53,995.73,20.2,26.258,73.048,224.0,Jodhpur Desert AWS
2026-06-01T12:05:00,AWS-JOD-002,40.99,995.93,20.6,26.258,73.048,224.0,Jodhpur Desert AWS
2026-06-01T12:10:00,AWS-JOD-002,41.26,995.47,19.8,26.258,73.048,224.0,Jodhpur Desert AWS
2026-06-01T12:15:00,AWS-JOD-002,41.13,995.73,20.7,26.258,73.048,224.0,Jodhpur Desert AWS
2026-06-01T12:20:00,AWS-JOD-002,40.75,995.4,20.7,26.258,73.048,224.0,Jodhpur Desert AWS
2026-06-01T12:25:00,AWS-JOD-002,41.68,995.32,20.1,26.258,73.048,224.0,Jodhpur Desert AWS
2026-06-01T12:30:00,AWS-JOD-002,41.56,995.89,19.5,26.258,73.048,224.0,Jodhpur Desert AWS
2026-06-01T12:35:00,AWS-JOD-002,41.77,995.31,19.9,26.258,73.048,224.0,Jodhpur Desert AWS
2026-06-01T12:40:00,AWS-JOD-002,41.28,995.22,20.4,26.258,73.048,224.0,Jodhpur Desert AWS
2026-06-01T12:45:00,AWS-JOD-002,42.58,995.26,18.6,26.258,73.048,224.0,Jodhpur Desert AWS
2026-06-01T12:50:00,AWS-JOD-002,42.02,995.33,19.4,26.258,73.048,224.0,Jodhpur Desert AWS
2026-06-01T12:55:00,AWS-JOD-002,41.72,994.6,19.6,26.258,73.048,224.0,Jodhpur Desert AWS
2026-06-01T13:00:00,AWS-JOD-002,41.77,994.55,19.2,26.258,73.048,224.0,Jodhpur Desert AWS
2026-06-01T13:05:00,AWS-JOD-002,42.28,994.67,19.4,26.258,73.048,224.0,Jodhpur Desert AWS
2026-06-01T13:10:00,AWS-JOD-002,42.09,994.9,19.6,26.258,73.048,224.0,Jodhpur Desert AWS
2026-06-01T13:15:00,AWS-JOD-002,42.91,994.92,19.9,26.258,73.048,224.0,Jodhpur Desert AWS
2026-06-01T13:20:00,AWS-JOD-002,42.79,995.02,16.5,26.258,73.048,224.0,Jodhpur Desert AWS
2026-06-01T13:25:00,AWS-JOD-002,42.8,994.42,19.5,26.258,73.048,224.0,Jodhpur Desert AWS
2026-06-01T13:30:00,AWS-JOD-002,41.86,994.56,20.1,26.258,73.048,224.0,Jodhpur Desert AWS
2026-06-01T13:35:00,AWS-JOD-002,42.82,995.05,19.6,26.258,73.048,224.0,Jodhpur Desert AWS
2026-06-01T13:40:00,AWS-JOD-002,43.13,994.62,17.6,26.258,73.048,224.0,Jodhpur Desert AWS
2026-06-01T13:45:00,AWS-JOD-002,42.21,994.74,19.3,26.258,73.048,224.0,Jodhpur Desert AWS
2026-06-01T13:50:00,AWS-JOD-002,42.56,994.69,18.8,26.258,73.048,224.0,Jodhpur Desert AWS
2026-06-01T13:55:00,AWS-JOD-002,42.83,994.62,19.4,26.258,73.048,224.0,Jodhpur Desert AWS
2026-06-01T14:00:00,AWS-JOD-002,42.36,994.72,20.2,26.258,73.048,224.0,Jodhpur Desert AWS
2026-06-01T14:05:00,AWS-JOD-002,42.27,994.6,19.1,26.258,73.048,224.0,Jodhpur Desert AWS
2026-06-01T14:10:00,AWS-JOD-002,43.01,994.33,18.6,26.258,73.048,224.0,Jodhpur Desert AWS
2026-06-01T14:15:00,AWS-JOD-002,42.55,994.27,19.7,26.258,73.048,224.0,Jodhpur Desert AWS
2026-06-01T14:20:00,AWS-JOD-002,42.48,994.28,19.4,26.258,73.048,224.0,Jodhpur Desert AWS
2026-06-01T14:25:00,AWS-JOD-002,42.77,994.21,19.2,26.258,73.048,224.0,Jodhpur Desert AWS
2026-06-01T14:30:00,AWS-JOD-002,43.08,994.46,17.2,26.258,73.048,224.0,Jodhpur Desert AWS
2026-06-01T14:35:00,AWS-JOD-002,42.24,994.13,17.5,26.258,73.048,224.0,Jodhpur Desert AWS
2026-06-01T14:40:00,AWS-JOD-002,42.32,994.21,17.9,26.258,73.048,224.0,Jodhpur Desert AWS
2026-06-01T14:45:00,AWS-JOD-002,42.77,994.37,18.8,26.258,73.048,224.0,Jodhpur Desert AWS
2026-06-01T14:50:00,AWS-JOD-002,42.59,994.18,19.4,26.258,73.048,224.0,Jodhpur Desert AWS
2026-06-01T14:55:00,AWS-JOD-002,42.49,994.03,19.4,26.258,73.048,224.0,Jodhpur Desert AWS
2026-06-01T15:00:00,AWS-JOD-002,42.67,993.93,19.7,26.258,73.048,224.0,Jodhpur Desert AWS
2026-06-01T15:05:00,AWS-JOD-002,42.71,994.15,19.3,26.258,73.048,224.0,Jodhpur Desert AWS
2026-06-01T15:10:00,AWS-JOD-002,42.72,994.1,17.3,26.258,73.048,224.0,Jodhpur Desert AWS
2026-06-01T15:15:00,AWS-JOD-002,42.47,993.59,18.0,26.258,73.048,224.0,Jodhpur Desert AWS
2026-06-01T15:20:00,AWS-JOD-002,42.66,993.98,18.5,26.258,73.048,224.0,Jodhpur Desert AWS
2026-06-01T15:25:00,AWS-JOD-002,42.59,993.91,19.7,26.258,73.048,224.0,Jodhpur Desert AWS
2026-06-01T15:30:00,AWS-JOD-002,42.35,993.92,19.3,26.258,73.048,224.0,Jodhpur Desert AWS
2026-06-01T15:35:00,AWS-JOD-002,42.29,993.75,18.9,26.258,73.048,224.0,Jodhpur Desert AWS
2026-06-01T15:40:00,AWS-JOD-002,42.27,993.77,19.6,26.258,73.048,224.0,Jodhpur Desert AWS
2026-06-01T15:45:00,AWS-JOD-002,42.13,994.03,18.2,26.258,73.048,224.0,Jodhpur Desert AWS
2026-06-01T15:50:00,AWS-JOD-002,42.93,994.01,18.5,26.258,73.048,224.0,Jodhpur Desert AWS
2026-06-01T15:55:00,AWS-JOD-002,42.52,994.11,19.3,26.258,73.048,224.0,Jodhpur Desert AWS
2026-06-01T16:00:00,AWS-JOD-002,42.88,993.82,18.1,26.258,73.048,224.0,Jodhpur Desert AWS
2026-06-01T16:05:00,AWS-JOD-002,41.91,994.0,20.0,26.258,73.048,224.0,Jodhpur Desert AWS
2026-06-01T16:10:00,AWS-JOD-002,41.42,993.91,19.1,26.258,73.048,224.0,Jodhpur Desert AWS
2026-06-01T16:15:00,AWS-JOD-002,42.12,993.76,19.4,26.258,73.048,224.0,Jodhpur Desert AWS
2026-06-01T16:20:00,AWS-JOD-002,41.85,994.07,19.2,26.258,73.048,224.0,Jodhpur Desert AWS
2026-06-01T16:25:00,AWS-JOD-002,41.04,994.05,20.4,26.258,73.048,224.0,Jodhpur Desert AWS
2026-06-01T16:30:00,AWS-JOD-002,41.81,993.99,20.6,26.258,73.048,224.0,Jodhpur Desert AWS
2026-06-01T16:35:00,AWS-JOD-002,41.59,994.07,19.7,26.258,73.048,224.0,Jodhpur Desert AWS
2026-06-01T16:40:00,AWS-JOD-002,42.15,993.57,20.7,26.258,73.048,224.0,Jodhpur Desert AWS
2026-06-01T16:45:00,AWS-JOD-002,41.28,993.8,19.6,26.258,73.048,224.0,Jodhpur Desert AWS
2026-06-01T16:50:00,AWS-JOD-002,41.33,993.84,20.3,26.258,73.048,224.0,Jodhpur Desert AWS
2026-06-01T16:55:00,AWS-JOD-002,41.38,993.69,20.7,26.258,73.048,224.0,Jodhpur Desert AWS
2026-06-01T17:00:00,AWS-JOD-002,41.29,993.61,20.0,26.258,73.048,224.0,Jodhpur Desert AWS
2026-06-01T17:05:00,AWS-JOD-002,41.1,993.85,20.5,26.258,73.048,224.0,Jodhpur Desert AWS
2026-06-01T17:10:00,AWS-JOD-002,40.65,993.89,21.1,26.258,73.048,224.0,Jodhpur Desert AWS
2026-06-01T17:15:00,AWS-JOD-002,40.28,994.39,20.2,26.258,73.048,224.0,Jodhpur Desert AWS
2026-06-01T17:20:00,AWS-JOD-002,40.81,993.98,21.0,26.258,73.048,224.0,Jodhpur Desert AWS
2026-06-01T17:25:00,AWS-JOD-002,40.23,994.17,23.8,26.258,73.048,224.0,Jodhpur Desert AWS
2026-06-01T17:30:00,AWS-JOD-002,39.63,993.77,22.9,26.258,73.048,224.0,Jodhpur Desert AWS
2026-06-01T17:35:00,AWS-JOD-002,39.24,994.08,24.0,26.258,73.048,224.0,Jodhpur Desert AWS
2026-06-01T17:40:00,AWS-JOD-002,39.83,994.14,21.5,26.258,73.048,224.0,Jodhpur Desert AWS
2026-06-01T17:45:00,AWS-JOD-002,39.46,994.21,23.3,26.258,73.048,224.0,Jodhpur Desert AWS
2026-06-01T17:50:00,AWS-JOD-002,40.02,994.24,22.9,26.258,73.048,224.0,Jodhpur Desert AWS
2026-06-01T17:55:00,AWS-JOD-002,39.18,994.3,22.3,26.258,73.048,224.0,Jodhpur Desert AWS
2026-06-01T18:00:00,AWS-JOD-002,39.3,994.18,23.1,26.258,73.048,224.0,Jodhpur Desert AWS
2026-06-01T18:05:00,AWS-JOD-002,37.99,994.26,24.9,26.258,73.048,224.0,Jodhpur Desert AWS
2026-06-01T18:10:00,AWS-JOD-002,39.16,994.43,23.5,26.258,73.048,224.0,Jodhpur Desert AWS
2026-06-01T18:15:00,AWS-JOD-002,38.95,994.44,23.9,26.258,73.048,224.0,Jodhpur Desert AWS
2026-06-01T18:20:00,AWS-JOD-002,39.27,994.56,22.5,26.258,73.048,224.0,Jodhpur Desert AWS
2026-06-01T18:25:00,AWS-JOD-002,38.54,995.07,24.0,26.258,73.048,224.0,Jodhpur Desert AWS
2026-06-01T18:30:00,AWS-JOD-002,37.69,994.93,25.1,26.258,73.048,224.0,Jodhpur Desert AWS
2026-06-01T18:35:00,AWS-JOD-002,37.45,994.48,25.6,26.258,73.048,224.0,Jodhpur Desert AWS
2026-06-01T18:40:00,AWS-JOD-002,37.99,995.0,24.3,26.258,73.048,224.0,Jodhpur Desert AWS
2026-06-01T18:45:00,AWS-JOD-002,37.44,994.64,23.8,26.258,73.048,224.0,Jodhpur Desert AWS
2026-06-01T18:50:00,AWS-JOD-002,37.83,994.82,24.5,26.258,73.048,224.0,Jodhpur Desert AWS
2026-06-01T18:55:00,AWS-JOD-002,36.67,994.9,26.2,26.258,73.048,224.0,Jodhpur Desert AWS
2026-06-01T19:00:00,AWS-JOD-002,36.72,994.95,24.7,26.258,73.048,224.0,Jodhpur Desert AWS
2026-06-01T19:05:00,AWS-JOD-002,37.04,994.88,25.9,26.258,73.048,224.0,Jodhpur Desert AWS
2026-06-01T19:10:00,AWS-JOD-002,36.53,994.89,26.3,26.258,73.048,224.0,Jodhpur Desert AWS
2026-06-01T19:15:00,AWS-JOD-002,36.79,995.02,26.5,26.258,73.048,224.0,Jodhpur Desert AWS
2026-06-01T19:20:00,AWS-JOD-002,36.18,995.16,27.0,26.258,73.048,224.0,Jodhpur Desert AWS
2026-06-01T19:25:00,AWS-JOD-002,35.68,994.87,28.4,26.258,73.048,224.0,Jodhpur Desert AWS
2026-06-01T19:30:00,AWS-JOD-002,35.97,995.29,27.3,26.258,73.048,224.0,Jodhpur Desert AWS
2026-06-01T19:35:00,AWS-JOD-002,35.89,995.54,27.7,26.258,73.048,224.0,Jodhpur Desert AWS
2026-06-01T19:40:00,AWS-JOD-002,35.59,995.22,26.7,26.258,73.048,224.0,Jodhpur Desert AWS
2026-06-01T19:45:00,AWS-JOD-002,35.44,995.23,28.0,26.258,73.048,224.0,Jodhpur Desert AWS
2026-06-01T19:50:00,AWS-JOD-002,34.82,995.06,29.8,26.258,73.048,224.0,Jodhpur Desert AWS
2026-06-01T19:55:00,AWS-JOD-002,35.16,995.07,28.5,26.258,73.048,224.0,Jodhpur Desert AWS
2026-06-01T20:00:00,AWS-JOD-002,33.79,995.51,30.4,26.258,73.048,224.0,Jodhpur Desert AWS
2026-06-01T20:05:00,AWS-JOD-002,34.32,995.5,30.3,26.258,73.048,224.0,Jodhpur Desert AWS
2026-06-01T20:10:00,AWS-JOD-002,34.15,995.2,28.4,26.258,73.048,224.0,Jodhpur Desert AWS
2026-06-01T20:15:00,AWS-JOD-002,33.79,995.37,30.6,26.258,73.048,224.0,Jodhpur Desert AWS
2026-06-01T20:20:00,AWS-JOD-002,33.78,995.66,30.1,26.258,73.048,224.0,Jodhpur Desert AWS
2026-06-01T20:25:00,AWS-JOD-002,33.4,995.43,30.3,26.258,73.048,224.0,Jodhpur Desert AWS
2026-06-01T20:30:00,AWS-JOD-002,33.45,995.62,29.9,26.258,73.048,224.0,Jodhpur Desert AWS
2026-06-01T20:35:00,AWS-JOD-002,32.24,996.06,34.8,26.258,73.048,224.0,Jodhpur Desert AWS
2026-06-01T20:40:00,AWS-JOD-002,33.33,996.38,30.6,26.258,73.048,224.0,Jodhpur Desert AWS
2026-06-01T20:45:00,AWS-JOD-002,32.87,995.88,32.2,26.258,73.048,224.0,Jodhpur Desert AWS
2026-06-01T20:50:00,AWS-JOD-002,32.79,996.12,32.9,26.258,73.048,224.0,Jodhpur Desert AWS
2026-06-01T20:55:00,AWS-JOD-002,32.79,995.63,33.6,26.258,73.048,224.0,Jodhpur Desert AWS
2026-06-01T21:00:00,AWS-JOD-002,32.26,996.07,34.0,26.258,73.048,224.0,Jodhpur Desert AWS
2026-06-01T21:05:00,AWS-JOD-002,32.77,996.28,31.2,26.258,73.048,224.0,Jodhpur Desert AWS
2026-06-01T21:10:00,AWS-JOD-002,32.75,995.94,32.9,26.258,73.048,224.0,Jodhpur Desert AWS
2026-06-01T21:15:00,AWS-JOD-002,31.21,996.5,34.7,26.258,73.048,224.0,Jodhpur Desert AWS
2026-06-01T21:20:00,AWS-JOD-002,31.53,995.91,36.1,26.258,73.048,224.0,Jodhpur Desert AWS
2026-06-01T21:25:00,AWS-JOD-002,31.3,996.12,36.3,26.258,73.048,224.0,Jodhpur Desert AWS
2026-06-01T21:30:00,AWS-JOD-002,31.3,996.3,36.0,26.258,73.048,224.0,Jodhpur Desert AWS
2026-06-01T21:35:00,AWS-JOD-002,30.55,996.27,37.5,26.258,73.048,224.0,Jodhpur Desert AWS
2026-06-01T21:40:00,AWS-JOD-002,30.04,996.17,36.6,26.258,73.048,224.0,Jodhpur Desert AWS
2026-06-01T21:45:00,AWS-JOD-002,30.59,996.09,36.6,26.258,73.048,224.0,Jodhpur Desert AWS
2026-06-01T21:50:00,AWS-JOD-002,30.27,996.13,37.8,26.258,73.048,224.0,Jodhpur Desert AWS
2026-06-01T21:55:00,AWS-JOD-002,29.85,995.84,37.5,26.258,73.048,224.0,Jodhpur Desert AWS
2026-06-01T22:00:00,AWS-JOD-002,30.36,995.91,36.3,26.258,73.048,224.0,Jodhpur Desert AWS
2026-06-01T22:05:00,AWS-JOD-002,29.9,995.79,39.1,26.258,73.048,224.0,Jodhpur Desert AWS
2026-06-01T22:10:00,AWS-JOD-002,29.24,996.15,38.8,26.258,73.048,224.0,Jodhpur Desert AWS
2026-06-01T22:15:00,AWS-JOD-002,29.97,995.91,37.3,26.258,73.048,224.0,Jodhpur Desert AWS
2026-06-01T22:20:00,AWS-JOD-002,28.71,995.69,39.3,26.258,73.048,224.0,Jodhpur Desert AWS
2026-06-01T22:25:00,AWS-JOD-002,29.51,996.31,38.9,26.258,73.048,224.0,Jodhpur Desert AWS
2026-06-01T22:30:00,AWS-JOD-002,28.66,995.92,42.2,26.258,73.048,224.0,Jodhpur Desert AWS
2026-06-01T22:35:00,AWS-JOD-002,27.89,995.73,42.4,26.258,73.048,224.0,Jodhpur Desert AWS
2026-06-01T22:40:00,AWS-JOD-002,28.12,995.74,44.0,26.258,73.048,224.0,Jodhpur Desert AWS
2026-06-01T22:45:00,AWS-JOD-002,28.98,995.96,40.3,26.258,73.048,224.0,Jodhpur Desert AWS
2026-06-01T22:50:00,AWS-JOD-002,27.74,995.6,42.7,26.258,73.048,224.0,Jodhpur Desert AWS
2026-06-01T22:55:00,AWS-JOD-002,28.22,995.92,41.3,26.258,73.048,224.0,Jodhpur Desert AWS
2026-06-01T23:00:00,AWS-JOD-002,28.34,996.16,41.5,26.258,73.048,224.0,Jodhpur Desert AWS
2026-06-01T23:05:00,AWS-JOD-002,27.29,995.74,44.8,26.258,73.048,224.0,Jodhpur Desert AWS
2026-06-01T23:10:00,AWS-JOD-002,27.69,995.75,44.2,26.258,73.048,224.0,Jodhpur Desert AWS
2026-06-01T23:15:00,AWS-JOD-002,27.87,995.48,42.8,26.258,73.048,224.0,Jodhpur Desert AWS
2026-06-01T23:20:00,AWS-JOD-002,27.56,995.86,44.3,26.258,73.048,224.0,Jodhpur Desert AWS
2026-06-01T23:25:00,AWS-JOD-002,26.22,995.56,47.3,26.258,73.048,224.0,Jodhpur Desert AWS
2026-06-01T23:30:00,AWS-JOD-002,27.83,995.6,43.4,26.258,73.048,224.0,Jodhpur Desert AWS
2026-06-01T23:35:00,AWS-JOD-002,26.11,995.22,47.9,26.258,73.048,224.0,Jodhpur Desert AWS
2026-06-01T23:40:00,AWS-JOD-002,26.5,995.52,45.5,26.258,73.048,224.0,Jodhpur Desert AWS
2026-06-01T23:45:00,AWS-JOD-002,25.68,995.67,47.8,26.258,73.048,224.0,Jodhpur Desert AWS
2026-06-01T23:50:00,AWS-JOD-002,26.16,995.45,47.9,26.258,73.048,224.0,Jodhpur Desert AWS
2026-06-01T23:55:00,AWS-JOD-002,25.95,995.08,47.2,26.258,73.048,224.0,Jodhpur Desert AWS
2026-06-01T00:00:00,AWS-MUM-003,26.3,1008.41,90.1,19.117,72.861,14.0,Mumbai Santacruz AWS
2026-06-01T00:05:00,AWS-MUM-003,26.09,1008.33,92.1,19.117,72.861,14.0,Mumbai Santacruz AWS
2026-06-01T00:10:00,AWS-MUM-003,26.07,1008.14,93.1,19.117,72.861,14.0,Mumbai Santacruz AWS
2026-06-01T00:15:00,AWS-MUM-003,26.16,1008.26,92.4,19.117,72.861,14.0,Mumbai Santacruz AWS
2026-06-01T00:20:00,AWS-MUM-003,26.1,1008.11,91.1,19.117,72.861,14.0,Mumbai Santacruz AWS
2026-06-01T00:25:00,AWS-MUM-003,26.07,1008.36,92.0,19.117,72.861,14.0,Mumbai Santacruz AWS
2026-06-01T00:30:00,AWS-MUM-003,25.83,1007.88,92.7,19.117,72.861,14.0,Mumbai Santacruz AWS
2026-06-01T00:35:00,AWS-MUM-003,25.67,1007.76,95.3,19.117,72.861,14.0,Mumbai Santacruz AWS
2026-06-01T00:40:00,AWS-MUM-003,25.79,1007.96,94.3,19.117,72.861,14.0,Mumbai Santacruz AWS
2026-06-01T00:45:00,AWS-MUM-003,25.45,1007.98,96.5,19.117,72.861,14.0,Mumbai Santacruz AWS
2026-06-01T00:50:00,AWS-MUM-003,25.62,1007.87,94.9,19.117,72.861,14.0,Mumbai Santacruz AWS
2026-06-01T00:55:00,AWS-MUM-003,25.95,1007.65,95.1,19.117,72.861,14.0,Mumbai Santacruz AWS
2026-06-01T01:00:00,AWS-MUM-003,25.48,1007.75,96.2,19.117,72.861,14.0,Mumbai Santacruz AWS
2026-06-01T01:05:00,AWS-MUM-003,25.63,1007.41,95.8,19.117,72.861,14.0,Mumbai Santacruz AWS
2026-06-01T01:10:00,AWS-MUM-003,25.68,1007.55,94.9,19.117,72.861,14.0,Mumbai Santacruz AWS
2026-06-01T01:15:00,AWS-MUM-003,25.71,1007.32,94.2,19.117,72.861,14.0,Mumbai Santacruz AWS
2026-06-01T01:20:00,AWS-MUM-003,25.38,1007.64,96.1,19.117,72.861,14.0,Mumbai Santacruz AWS
2026-06-01T01:25:00,AWS-MUM-003,25.19,1007.47,95.6,19.117,72.861,14.0,Mumbai Santacruz AWS
2026-06-01T01:30:00,AWS-MUM-003,25.77,1007.41,95.0,19.117,72.861,14.0,Mumbai Santacruz AWS
2026-06-01T01:35:00,AWS-MUM-003,25.31,1007.35,97.4,19.117,72.861,14.0,Mumbai Santacruz AWS
2026-06-01T01:40:00,AWS-MUM-003,25.51,1006.97,96.1,19.117,72.861,14.0,Mumbai Santacruz AWS
2026-06-01T01:45:00,AWS-MUM-003,25.56,1007.16,95.1,19.117,72.861,14.0,Mumbai Santacruz AWS
2026-06-01T01:50:00,AWS-MUM-003,25.55,1007.12,94.3,19.117,72.861,14.0,Mumbai Santacruz AWS
2026-06-01T01:55:00,AWS-MUM-003,25.86,1007.21,91.8,19.117,72.861,14.0,Mumbai Santacruz AWS
2026-06-01T02:00:00,AWS-MUM-003,25.69,1007.13,97.0,19.117,72.861,14.0,Mumbai Santacruz AWS
2026-06-01T02:05:00,AWS-MUM-003,25.24,1007.08,97.0,19.117,72.861,14.0,Mumbai Santacruz AWS
2026-06-01T02:10:00,AWS-MUM-003,25.68,1006.87,97.8,19.117,72.861,14.0,Mumbai Santacruz AWS
2026-06-01T02:15:00,AWS-MUM-003,24.99,1006.93,98.3,19.117,72.861,14.0,Mumbai Santacruz AWS
2026-06-01T02:20:00,AWS-MUM-003,25.49,1007.02,94.7,19.117,72.861,14.0,Mumbai Santacruz AWS
2026-06-01T02:25:00,AWS-MUM-003,25.29,1006.82,99.0,19.117,72.861,14.0,Mumbai Santacruz AWS
2026-06-01T02:30:00,AWS-MUM-003,25.37,1006.76,94.5,19.117,72.861,14.0,Mumbai Santacruz AWS
2026-06-01T02:35:00,AWS-MUM-003,25.55,1006.85,96.4,19.117,72.861,14.0,Mumbai Santacruz AWS
2026-06-01T02:40:00,AWS-MUM-003,25.32,1006.55,96.1,19.117,72.861,14.0,Mumbai Santacruz AWS
2026-06-01T02:45:00,AWS-MUM-003,25.51,1006.61,94.7,19.117,72.861,14.0,Mumbai Santacruz AWS
2026-06-01T02:50:00,AWS-MUM-003,25.63,1006.93,95.7,19.117,72.861,14.0,Mumbai Santacruz AWS
2026-06-01T02:55:00,AWS-MUM-003,25.52,1006.64,97.4,19.117,72.861,14.0,Mumbai Santacruz AWS
2026-06-01T03:00:00,AWS-MUM-003,25.22,1006.52,96.2,19.117,72.861,14.0,Mumbai Santacruz AWS
2026-06-01T03:05:00,AWS-MUM-003,25.57,1006.5,95.5,19.117,72.861,14.0,Mumbai Santacruz AWS
2026-06-01T03:10:00,AWS-MUM-003,25.26,1006.31,97.8,19.117,72.861,14.0,Mumbai Santacruz AWS
2026-06-01T03:15:00,AWS-MUM-003,25.61,1006.52,94.7,19.117,72.861,14.0,Mumbai Santacruz AWS
2026-06-01T03:20:00,AWS-MUM-003,25.45,1006.68,98.7,19.117,72.861,14.0,Mumbai Santacruz AWS
2026-06-01T03:25:00,AWS-MUM-003,25.44,1006.28,96.9,19.117,72.861,14.0,Mumbai Santacruz AWS
2026-06-01T03:30:00,AWS-MUM-003,25.37,1006.33,98.5,19.117,72.861,14.0,Mumbai Santacruz AWS
2026-06-01T03:35:00,AWS-MUM-003,25.42,1006.68,97.2,19.117,72.861,14.0,Mumbai Santacruz AWS
2026-06-01T03:40:00,AWS-MUM-003,25.47,1006.46,98.0,19.117,72.861,14.0,Mumbai Santacruz AWS
2026-06-01T03:45:00,AWS-MUM-003,25.82,1006.29,94.5,19.117,72.861,14.0,Mumbai Santacruz AWS
2026-06-01T03:50:00,AWS-MUM-003,25.89,1006.2,95.9,19.117,72.861,14.0,Mumbai Santacruz AWS
2026-06-01T03:55:00,AWS-MUM-003,25.4,1006.58,96.7,19.117,72.861,14.0,Mumbai Santacruz AWS
2026-06-01T04:00:00,AWS-MUM-003,25.48,1006.41,95.5,19.117,72.861,14.0,Mumbai Santacruz AWS
2026-06-01T04:05:00,AWS-MUM-003,25.41,1006.33,96.4,19.117,72.861,14.0,Mumbai Santacruz AWS
2026-06-01T04:10:00,AWS-MUM-003,25.79,1006.44,94.0,19.117,72.861,14.0,Mumbai Santacruz AWS
2026-06-01T04:15:00,AWS-MUM-003,25.7,1006.2,95.4,19.117,72.861,14.0,Mumbai Santacruz AWS
2026-06-01T04:20:00,AWS-MUM-003,25.84,1006.69,94.8,19.117,72.861,14.0,Mumbai Santacruz AWS
2026-06-01T04:25:00,AWS-MUM-003,26.1,1006.14,91.9,19.117,72.861,14.0,Mumbai Santacruz AWS
2026-06-01T04:30:00,AWS-MUM-003,26.29,1006.44,92.7,19.117,72.861,14.0,Mumbai Santacruz AWS
2026-06-01T04:35:00,AWS-MUM-003,25.56,1006.32,94.9,19.117,72.861,14.0,Mumbai Santacruz AWS
2026-06-01T04:40:00,AWS-MUM-003,26.04,1006.5,94.0,19.117,72.861,14.0,Mumbai Santacruz AWS
2026-06-01T04:45:00,AWS-MUM-003,25.99,1006.34,92.0,19.117,72.861,14.0,Mumbai Santacruz AWS
2026-06-01T04:50:00,AWS-MUM-003,25.89,1006.56,92.5,19.117,72.861,14.0,Mumbai Santacruz AWS
2026-06-01T04:55:00,AWS-MUM-003,26.03,1006.64,94.0,19.117,72.861,14.0,Mumbai Santacruz AWS
2026-06-01T05:00:00,AWS-MUM-003,25.88,1006.71,92.7,19.117,72.861,14.0,Mumbai Santacruz AWS
2026-06-01T05:05:00,AWS-MUM-003,26.13,1006.57,91.8,19.117,72.861,14.0,Mumbai Santacruz AWS
2026-06-01T05:10:00,AWS-MUM-003,25.99,1006.57,93.5,19.117,72.861,14.0,Mumbai Santacruz AWS
2026-06-01T05:15:00,AWS-MUM-003,26.47,1006.66,91.4,19.117,72.861,14.0,Mumbai Santacruz AWS
2026-06-01T05:20:00,AWS-MUM-003,26.47,1006.47,90.4,19.117,72.861,14.0,Mumbai Santacruz AWS
2026-06-01T05:25:00,AWS-MUM-003,26.67,1006.74,89.5,19.117,72.861,14.0,Mumbai Santacruz AWS
2026-06-01T05:30:00,AWS-MUM-003,26.41,1006.93,89.9,19.117,72.861,14.0,Mumbai Santacruz AWS
2026-06-01T05:35:00,AWS-MUM-003,26.68,1006.78,89.5,19.117,72.861,14.0,Mumbai Santacruz AWS
2026-06-01T05:40:00,AWS-MUM-003,26.85,1006.98,90.9,19.117,72.861,14.0,Mumbai Santacruz AWS
2026-06-01T05:45:00,AWS-MUM-003,26.92,1006.99,87.9,19.117,72.861,14.0,Mumbai Santacruz AWS
2026-06-01T05:50:00,AWS-MUM-003,26.74,1006.95,88.9,19.117,72.861,14.0,Mumbai Santacruz AWS
2026-06-01T05:55:00,AWS-MUM-003,26.86,1007.19,89.3,19.117,72.861,14.0,Mumbai Santacruz AWS
2026-06-01T06:00:00,AWS-MUM-003,26.83,1007.14,88.9,19.117,72.861,14.0,Mumbai Santacruz AWS
2026-06-01T06:05:00,AWS-MUM-003,27.33,1007.13,86.3,19.117,72.861,14.0,Mumbai Santacruz AWS
2026-06-01T06:10:00,AWS-MUM-003,26.8,1007.28,90.2,19.117,72.861,14.0,Mumbai Santacruz AWS
2026-06-01T06:15:00,AWS-MUM-003,27.0,1007.4,87.5,19.117,72.861,14.0,Mumbai Santacruz AWS
2026-06-01T06:20:00,AWS-MUM-003,27.29,1007.09,86.5,19.117,72.861,14.0,Mumbai Santacruz AWS
2026-06-01T06:25:00,AWS-MUM-003,27.28,1007.33,87.0,19.117,72.861,14.0,Mumbai Santacruz AWS
2026-06-01T06:30:00,AWS-MUM-003,27.25,1007.61,85.0,19.117,72.861,14.0,Mumbai Santacruz AWS
2026-06-01T06:35:00,AWS-MUM-003,27.45,1007.34,85.5,19.117,72.861,14.0,Mumbai Santacruz AWS
2026-06-01T06:40:00,AWS-MUM-003,27.83,1007.73,82.2,19.117,72.861,14.0,Mumbai Santacruz AWS
2026-06-01T06:45:00,AWS-MUM-003,27.43,1007.65,82.9,19.117,72.861,14.0,Mumbai Santacruz AWS
2026-06-01T06:50:00,AWS-MUM-003,27.84,1007.76,86.4,19.117,72.861,14.0,Mumbai Santacruz AWS
2026-06-01T06:55:00,AWS-MUM-003,27.93,1007.89,83.2,19.117,72.861,14.0,Mumbai Santacruz AWS
2026-06-01T07:00:00,AWS-MUM-003,27.78,1007.99,82.8,19.117,72.861,14.0,Mumbai Santacruz AWS
2026-06-01T07:05:00,AWS-MUM-003,27.85,1008.06,84.2,19.117,72.861,14.0,Mumbai Santacruz AWS
2026-06-01T07:10:00,AWS-MUM-003,27.88,1007.95,84.6,19.117,72.861,14.0,Mumbai Santacruz AWS
2026-06-01T07:15:00,AWS-MUM-003,28.33,1008.0,80.8,19.117,72.861,14.0,Mumbai Santacruz AWS
2026-06-01T07:20:00,AWS-MUM-003,27.83,1008.37,84.0,19.117,72.861,14.0,Mumbai Santacruz AWS
2026-06-01T07:25:00,AWS-MUM-003,27.73,1008.12,81.3,19.117,72.861,14.0,Mumbai Santacruz AWS
2026-06-01T07:30:00,AWS-MUM-003,27.93,1008.52,84.3,19.117,72.861,14.0,Mumbai Santacruz AWS
2026-06-01T07:35:00,AWS-MUM-003,28.12,1008.12,81.9,19.117,72.861,14.0,Mumbai Santacruz AWS
2026-06-01T07:40:00,AWS-MUM-003,28.34,1008.37,80.2,19.117,72.861,14.0,Mumbai Santacruz AWS
2026-06-01T07:45:00,AWS-MUM-003,28.74,1008.86,79.2,19.117,72.861,14.0,Mumbai Santacruz AWS
2026-06-01T07:50:00,AWS-MUM-003,29.07,1008.47,77.1,19.117,72.861,14.0,Mumbai Santacruz AWS
2026-06-01T07:55:00,AWS-MUM-003,28.5,1008.43,81.0,19.117,72.861,14.0,Mumbai Santacruz AWS
2026-06-01T08:00:00,AWS-MUM-003,28.85,1008.84,78.8,19.117,72.861,14.0,Mumbai Santacruz AWS
2026-06-01T08:05:00,AWS-MUM-003,28.9,1008.92,80.0,19.117,72.861,14.0,Mumbai Santacruz AWS
2026-06-01T08:10:00,AWS-MUM-003,29.15,1008.58,76.9,19.117,72.861,14.0,Mumbai Santacruz AWS
2026-06-01T08:15:00,AWS-MUM-003,28.83,1008.95,78.2,19.117,72.861,14.0,Mumbai Santacruz AWS
2026-06-01T08:20:00,AWS-MUM-003,28.91,1008.98,78.3,19.117,72.861,14.0,Mumbai Santacruz AWS
2026-06-01T08:25:00,AWS-MUM-003,28.91,1008.96,76.6,19.117,72.861,14.0,Mumbai Santacruz AWS
2026-06-01T08:30:00,AWS-MUM-003,28.91,1009.17,76.6,19.117,72.861,14.0,Mumbai Santacruz AWS
2026-06-01T08:35:00,AWS-MUM-003,28.91,1009.16,77.9,19.117,72.861,14.0,Mumbai Santacruz AWS
2026-06-01T08:40:00,AWS-MUM-003,28.91,1009.01,74.6,19.117,72.861,14.0,Mumbai Santacruz AWS
2026-06-01T08:45:00,AWS-MUM-003,28.91,1009.18,75.8,19.117,72.861,14.0,Mumbai Santacruz AWS
2026-06-01T08:50:00,AWS-MUM-003,28.91,1009.02,72.6,19.117,72.861,14.0,Mumbai Santacruz AWS
2026-06-01T08:55:00,AWS-MUM-003,28.91,1009.14,75.7,19.117,72.861,14.0,Mumbai Santacruz AWS
2026-06-01T09:00:00,AWS-MUM-003,28.91,1009.07,73.8,19.117,72.861,14.0,Mumbai Santacruz AWS
2026-06-01T09:05:00,AWS-MUM-003,28.91,1009.09,72.2,19.117,72.861,14.0,Mumbai Santacruz AWS
2026-06-01T09:10:00,AWS-MUM-003,28.91,1009.63,75.1,19.117,72.861,14.0,Mumbai Santacruz AWS
2026-06-01T09:15:00,AWS-MUM-003,28.91,1009.51,71.5,19.117,72.861,14.0,Mumbai Santacruz AWS
2026-06-01T09:20:00,AWS-MUM-003,28.91,1009.64,74.8,19.117,72.861,14.0,Mumbai Santacruz AWS
2026-06-01T09:25:00,AWS-MUM-003,28.91,1009.49,72.9,19.117,72.861,14.0,Mumbai Santacruz AWS
2026-06-01T09:30:00,AWS-MUM-003,28.91,1009.54,73.3,19.117,72.861,14.0,Mumbai Santacruz AWS
2026-06-01T09:35:00,AWS-MUM-003,28.91,1009.23,75.6,19.117,72.861,14.0,Mumbai Santacruz AWS
2026-06-01T09:40:00,AWS-MUM-003,30.61,1009.45,71.0,19.117,72.861,14.0,Mumbai Santacruz AWS
2026-06-01T09:45:00,AWS-MUM-003,30.44,1009.73,71.2,19.117,72.861,14.0,Mumbai Santacruz AWS
2026-06-01T09:50:00,AWS-MUM-003,30.11,1009.49,73.6,19.117,72.861,14.0,Mumbai Santacruz AWS
2026-06-01T09:55:00,AWS-MUM-003,30.51,1009.4,70.9,19.117,72.861,14.0,Mumbai Santacruz AWS
2026-06-01T10:00:00,AWS-MUM-003,30.51,1009.65,72.5,19.117,72.861,14.0,Mumbai Santacruz AWS
2026-06-01T10:05:00,AWS-MUM-003,30.6,1009.47,70.3,19.117,72.861,14.0,Mumbai Santacruz AWS
2026-06-01T10:10:00,AWS-MUM-003,30.88,1009.64,71.0,19.117,72.861,14.0,Mumbai Santacruz AWS
2026-06-01T10:15:00,AWS-MUM-003,30.82,1009.56,70.0,19.117,72.861,14.0,Mumbai Santacruz AWS
2026-06-01T10:20:00,AWS-MUM-003,31.06,1009.3,68.3,19.117,72.861,14.0,Mumbai Santacruz AWS
2026-06-01T10:25:00,AWS-MUM-003,30.75,1009.44,69.7,19.117,72.861,14.0,Mumbai Santacruz AWS
2026-06-01T10:30:00,AWS-MUM-003,30.86,1009.53,70.6,19.117,72.861,14.0,Mumbai Santacruz AWS
2026-06-01T10:35:00,AWS-MUM-003,31.03,1009.23,67.0,19.117,72.861,14.0,Mumbai Santacruz AWS
2026-06-01T10:40:00,AWS-MUM-003,31.3,1009.25,67.7,19.117,72.861,14.0,Mumbai Santacruz AWS
2026-06-01T10:45:00,AWS-MUM-003,31.33,1009.6,71.4,19.117,72.861,14.0,Mumbai Santacruz AWS
2026-06-01T10:50:00,AWS-MUM-003,31.28,1009.39,67.3,19.117,72.861,14.0,Mumbai Santacruz AWS
2026-06-01T10:55:00,AWS-MUM-003,31.68,1009.5,65.8,19.117,72.861,14.0,Mumbai Santacruz AWS
2026-06-01T11:00:00,AWS-MUM-003,31.49,1009.16,67.6,19.117,72.861,14.0,Mumbai Santacruz AWS
2026-06-01T11:05:00,AWS-MUM-003,31.23,1009.68,69.8,19.117,72.861,14.0,Mumbai Santacruz AWS
2026-06-01T11:10:00,AWS-MUM-003,31.81,1009.1,68.3,19.117,72.861,14.0,Mumbai Santacruz AWS
2026-06-01T11:15:00,AWS-MUM-003,31.59,1009.4,69.6,19.117,72.861,14.0,Mumbai Santacruz AWS
2026-06-01T11:20:00,AWS-MUM-003,31.56,1009.46,67.7,19.117,72.861,14.0,Mumbai Santacruz AWS
2026-06-01T11:25:00,AWS-MUM-003,31.99,1009.3,64.7,19.117,72.861,14.0,Mumbai Santacruz AWS
2026-06-01T11:30:00,AWS-MUM-003,31.82,1009.06,63.9,19.117,72.861,14.0,Mumbai Santacruz AWS
2026-06-01T11:35:00,AWS-MUM-003,31.91,1008.76,66.0,19.117,72.861,14.0,Mumbai Santacruz AWS
2026-06-01T11:40:00,AWS-MUM-003,31.71,1009.16,65.6,19.117,72.861,14.0,Mumbai Santacruz AWS
2026-06-01T11:45:00,AWS-MUM-003,31.91,1009.15,66.0,19.117,72.861,14.0,Mumbai Santacruz AWS
2026-06-01T11:50:00,AWS-MUM-003,31.75,1008.71,65.5,19.117,72.861,14.0,Mumbai Santacruz AWS
2026-06-01T11:55:00,AWS-MUM-003,31.73,1009.13,65.7,19.117,72.861,14.0,Mumbai Santacruz AWS
2026-06-01T12:00:00,AWS-MUM-003,32.11,1008.81,64.2,19.117,72.861,14.0,Mumbai Santacruz AWS
2026-06-01T12:05:00,AWS-MUM-003,32.02,1008.74,66.1,19.117,72.861,14.0,Mumbai Santacruz AWS
2026-06-01T12:10:00,AWS-MUM-003,32.15,1008.83,68.0,19.117,72.861,14.0,Mumbai Santacruz AWS
2026-06-01T12:15:00,AWS-MUM-003,32.12,1009.02,66.4,19.117,72.861,14.0,Mumbai Santacruz AWS
2026-06-01T12:20:00,AWS-MUM-003,32.2,1008.75,63.6,19.117,72.861,14.0,Mumbai Santacruz AWS
2026-06-01T12:25:00,AWS-MUM-003,32.4,1008.67,62.4,19.117,72.861,14.0,Mumbai Santacruz AWS
2026-06-01T12:30:00,AWS-MUM-003,32.58,1008.77,63.7,19.117,72.861,14.0,Mumbai Santacruz AWS
2026-06-01T12:35:00,AWS-MUM-003,32.09,1008.68,66.4,19.117,72.861,14.0,Mumbai Santacruz AWS
2026-06-01T12:40:00,AWS-MUM-003,32.21,1008.79,65.7,19.117,72.861,14.0,Mumbai Santacruz AWS
2026-06-01T12:45:00,AWS-MUM-003,32.02,1008.64,67.2,19.117,72.861,14.0,Mumbai Santacruz AWS
2026-06-01T12:50:00,AWS-MUM-003,32.33,1008.75,64.0,19.117,72.861,14.0,Mumbai Santacruz AWS
2026-06-01T12:55:00,AWS-MUM-003,32.63,1008.76,64.0,19.117,72.861,14.0,Mumbai Santacruz AWS
2026-06-01T13:00:00,AWS-MUM-003,32.26,1008.43,65.4,19.117,72.861,14.0,Mumbai Santacruz AWS
2026-06-01T13:05:00,AWS-MUM-003,32.58,1008.52,63.5,19.117,72.861,14.0,Mumbai Santacruz AWS
2026-06-01T13:10:00,AWS-MUM-003,32.62,1008.66,63.3,19.117,72.861,14.0,Mumbai Santacruz AWS
2026-06-01T13:15:00,AWS-MUM-003,32.59,1008.11,61.4,19.117,72.861,14.0,Mumbai Santacruz AWS
2026-06-01T13:20:00,AWS-MUM-003,32.64,1008.23,62.2,19.117,72.861,14.0,Mumbai Santacruz AWS
2026-06-01T13:25:00,AWS-MUM-003,32.82,1008.43,64.5,19.117,72.861,14.0,Mumbai Santacruz AWS
2026-06-01T13:30:00,AWS-MUM-003,32.64,1008.56,63.3,19.117,72.861,14.0,Mumbai Santacruz AWS
2026-06-01T13:35:00,AWS-MUM-003,32.75,1008.07,65.4,19.117,72.861,14.0,Mumbai Santacruz AWS
2026-06-01T13:40:00,AWS-MUM-003,32.5,1008.26,63.3,19.117,72.861,14.0,Mumbai Santacruz AWS
2026-06-01T13:45:00,AWS-MUM-003,32.66,1008.4,64.3,19.117,72.861,14.0,Mumbai Santacruz AWS
2026-06-01T13:50:00,AWS-MUM-003,32.4,1008.16,66.4,19.117,72.861,14.0,Mumbai Santacruz AWS
2026-06-01T13:55:00,AWS-MUM-003,32.96,1007.99,60.5,19.117,72.861,14.0,Mumbai Santacruz AWS
2026-06-01T14:00:00,AWS-MUM-003,32.55,1008.24,63.4,19.117,72.861,14.0,Mumbai Santacruz AWS
2026-06-01T14:05:00,AWS-MUM-003,32.77,1007.85,62.3,19.117,72.861,14.0,Mumbai Santacruz AWS
2026-06-01T14:10:00,AWS-MUM-003,32.66,1008.03,60.2,19.117,72.861,14.0,Mumbai Santacruz AWS
2026-06-01T14:15:00,AWS-MUM-003,32.83,1008.07,61.7,19.117,72.861,14.0,Mumbai Santacruz AWS
2026-06-01T14:20:00,AWS-MUM-003,32.57,1007.78,64.1,19.117,72.861,14.0,Mumbai Santacruz AWS
2026-06-01T14:25:00,AWS-MUM-003,32.39,1008.12,63.9,19.117,72.861,14.0,Mumbai Santacruz AWS
2026-06-01T14:30:00,AWS-MUM-003,32.44,1008.03,63.8,19.117,72.861,14.0,Mumbai Santacruz AWS
2026-06-01T14:35:00,AWS-MUM-003,32.92,1007.9,62.1,19.117,72.861,14.0,Mumbai Santacruz AWS
2026-06-01T14:40:00,AWS-MUM-003,32.8,1007.81,63.3,19.117,72.861,14.0,Mumbai Santacruz AWS
2026-06-01T14:45:00,AWS-MUM-003,32.47,1007.71,62.7,19.117,72.861,14.0,Mumbai Santacruz AWS
2026-06-01T14:50:00,AWS-MUM-003,32.24,1007.83,64.5,19.117,72.861,14.0,Mumbai Santacruz AWS
2026-06-01T14:55:00,AWS-MUM-003,33.03,1007.58,59.4,19.117,72.861,14.0,Mumbai Santacruz AWS
2026-06-01T15:00:00,AWS-MUM-003,32.42,1007.55,64.1,19.117,72.861,14.0,Mumbai Santacruz AWS
2026-06-01T15:05:00,AWS-MUM-003,32.52,1007.8,63.3,19.117,72.861,14.0,Mumbai Santacruz AWS
2026-06-01T15:10:00,AWS-MUM-003,32.74,1007.65,64.4,19.117,72.861,14.0,Mumbai Santacruz AWS
2026-06-01T15:15:00,AWS-MUM-003,32.62,1007.9,63.7,19.117,72.861,14.0,Mumbai Santacruz AWS
2026-06-01T15:20:00,AWS-MUM-003,32.44,1007.54,63.3,19.117,72.861,14.0,Mumbai Santacruz AWS
2026-06-01T15:25:00,AWS-MUM-003,32.21,1007.43,66.2,19.117,72.861,14.0,Mumbai Santacruz AWS
2026-06-01T15:30:00,AWS-MUM-003,32.35,1007.74,64.3,19.117,72.861,14.0,Mumbai Santacruz AWS
2026-06-01T15:35:00,AWS-MUM-003,32.64,1007.51,63.6,19.117,72.861,14.0,Mumbai Santacruz AWS
2026-06-01T15:40:00,AWS-MUM-003,32.43,1007.56,65.0,19.117,72.861,14.0,Mumbai Santacruz AWS
2026-06-01T15:45:00,AWS-MUM-003,32.65,1007.79,64.5,19.117,72.861,14.0,Mumbai Santacruz AWS
2026-06-01T15:50:00,AWS-MUM-003,32.49,1007.58,64.1,19.117,72.861,14.0,Mumbai Santacruz AWS
2026-06-01T15:55:00,AWS-MUM-003,32.56,1007.6,62.8,19.117,72.861,14.0,Mumbai Santacruz AWS
2026-06-01T16:00:00,AWS-MUM-003,32.46,1007.57,65.9,19.117,72.861,14.0,Mumbai Santacruz AWS
2026-06-01T16:05:00,AWS-MUM-003,32.25,1007.91,65.6,19.117,72.861,14.0,Mumbai Santacruz AWS
2026-06-01T16:10:00,AWS-MUM-003,32.18,1007.55,66.2,19.117,72.861,14.0,Mumbai Santacruz AWS
2026-06-01T16:15:00,AWS-MUM-003,31.92,1007.37,65.6,19.117,72.861,14.0,Mumbai Santacruz AWS
2026-06-01T16:20:00,AWS-MUM-003,32.44,1007.4,63.6,19.117,72.861,14.0,Mumbai Santacruz AWS
2026-06-01T16:25:00,AWS-MUM-003,32.13,1007.26,66.6,19.117,72.861,14.0,Mumbai Santacruz AWS
2026-06-01T16:30:00,AWS-MUM-003,32.39,1007.12,64.1,19.117,72.861,14.0,Mumbai Santacruz AWS
2026-06-01T16:35:00,AWS-MUM-003,32.21,1007.52,65.1,19.117,72.861,14.0,Mumbai Santacruz AWS
2026-06-01T16:40:00,AWS-MUM-003,32.02,1007.72,65.0,19.117,72.861,14.0,Mumbai Santacruz AWS
2026-06-01T16:45:00,AWS-MUM-003,32.01,1007.54,64.8,19.117,72.861,14.0,Mumbai Santacruz AWS
2026-06-01T16:50:00,AWS-MUM-003,31.93,1007.65,68.1,19.117,72.861,14.0,Mumbai Santacruz AWS
2026-06-01T16:55:00,AWS-MUM-003,31.83,1007.77,68.2,19.117,72.861,14.0,Mumbai Santacruz AWS
2026-06-01T17:00:00,AWS-MUM-003,31.86,1007.62,66.8,19.117,72.861,14.0,Mumbai Santacruz AWS
2026-06-01T17:05:00,AWS-MUM-003,31.77,1007.62,68.0,19.117,72.861,14.0,Mumbai Santacruz AWS
2026-06-01T17:10:00,AWS-MUM-003,31.41,1007.65,68.3,19.117,72.861,14.0,Mumbai Santacruz AWS
2026-06-01T17:15:00,AWS-MUM-003,31.68,1007.84,66.2,19.117,72.861,14.0,Mumbai Santacruz AWS
2026-06-01T17:20:00,AWS-MUM-003,31.43,1007.79,68.5,19.117,72.861,14.0,Mumbai Santacruz AWS
2026-06-01T17:25:00,AWS-MUM-003,31.91,1007.96,66.8,19.117,72.861,14.0,Mumbai Santacruz AWS
2026-06-01T17:30:00,AWS-MUM-003,31.71,1008.06,68.0,19.117,72.861,14.0,Mumbai Santacruz AWS
2026-06-01T17:35:00,AWS-MUM-003,31.75,1007.64,64.9,19.117,72.861,14.0,Mumbai Santacruz AWS
2026-06-01T17:40:00,AWS-MUM-003,31.26,1007.87,68.1,19.117,72.861,14.0,Mumbai Santacruz AWS
2026-06-01T17:45:00,AWS-MUM-003,31.47,1008.19,67.9,19.117,72.861,14.0,Mumbai Santacruz AWS
2026-06-01T17:50:00,AWS-MUM-003,31.22,1007.98,69.9,19.117,72.861,14.0,Mumbai Santacruz AWS
2026-06-01T17:55:00,AWS-MUM-003,31.61,1007.97,66.5,19.117,72.861,14.0,Mumbai Santacruz AWS
2026-06-01T18:00:00,AWS-MUM-003,31.34,1008.13,67.5,19.117,72.861,14.0,Mumbai Santacruz AWS
2026-06-01T18:05:00,AWS-MUM-003,31.37,1008.08,67.7,19.117,72.861,14.0,Mumbai Santacruz AWS
2026-06-01T18:10:00,AWS-MUM-003,30.92,1008.26,70.7,19.117,72.861,14.0,Mumbai Santacruz AWS
2026-06-01T18:15:00,AWS-MUM-003,31.53,1008.23,66.9,19.117,72.861,14.0,Mumbai Santacruz AWS
2026-06-01T18:20:00,AWS-MUM-003,30.83,1008.58,69.7,19.117,72.861,14.0,Mumbai Santacruz AWS
2026-06-01T18:25:00,AWS-MUM-003,30.82,1008.07,70.2,19.117,72.861,14.0,Mumbai Santacruz AWS
2026-06-01T18:30:00,AWS-MUM-003,30.79,1008.49,72.0,19.117,72.861,14.0,Mumbai Santacruz AWS
2026-06-01T18:35:00,AWS-MUM-003,30.7,1008.71,70.3,19.117,72.861,14.0,Mumbai Santacruz AWS
2026-06-01T18:40:00,AWS-MUM-003,30.6,1008.42,70.3,19.117,72.861,14.0,Mumbai Santacruz AWS
2026-06-01T18:45:00,AWS-MUM-003,30.64,1008.54,69.1,19.117,72.861,14.0,Mumbai Santacruz AWS
2026-06-01T18:50:00,AWS-MUM-003,30.45,1008.78,72.5,19.117,72.861,14.0,Mumbai Santacruz AWS
2026-06-01T18:55:00,AWS-MUM-003,30.32,1008.86,72.5,19.117,72.861,14.0,Mumbai Santacruz AWS
2026-06-01T19:00:00,AWS-MUM-003,30.49,1008.89,73.0,19.117,72.861,14.0,Mumbai Santacruz AWS
2026-06-01T19:05:00,AWS-MUM-003,30.32,1009.01,71.7,19.117,72.861,14.0,Mumbai Santacruz AWS
2026-06-01T19:10:00,AWS-MUM-003,30.11,1009.05,73.7,19.117,72.861,14.0,Mumbai Santacruz AWS
2026-06-01T19:15:00,AWS-MUM-003,30.36,1009.08,71.1,19.117,72.861,14.0,Mumbai Santacruz AWS
2026-06-01T19:20:00,AWS-MUM-003,30.3,1009.03,71.7,19.117,72.861,14.0,Mumbai Santacruz AWS
2026-06-01T19:25:00,AWS-MUM-003,29.9,1009.22,74.4,19.117,72.861,14.0,Mumbai Santacruz AWS
2026-06-01T19:30:00,AWS-MUM-003,30.12,1009.24,75.5,19.117,72.861,14.0,Mumbai Santacruz AWS
2026-06-01T19:35:00,AWS-MUM-003,29.86,1009.21,74.0,19.117,72.861,14.0,Mumbai Santacruz AWS
2026-06-01T19:40:00,AWS-MUM-003,29.62,1009.02,75.7,19.117,72.861,14.0,Mumbai Santacruz AWS
2026-06-01T19:45:00,AWS-MUM-003,29.76,1009.22,75.7,19.117,72.861,14.0,Mumbai Santacruz AWS
2026-06-01T19:50:00,AWS-MUM-003,29.55,1009.43,75.0,19.117,72.861,14.0,Mumbai Santacruz AWS
2026-06-01T19:55:00,AWS-MUM-003,29.18,1009.46,75.9,19.117,72.861,14.0,Mumbai Santacruz AWS
2026-06-01T20:00:00,AWS-MUM-003,29.44,1009.43,75.4,19.117,72.861,14.0,Mumbai Santacruz AWS
2026-06-01T20:05:00,AWS-MUM-003,29.32,1009.57,77.9,19.117,72.861,14.0,Mumbai Santacruz AWS
2026-06-01T20:10:00,AWS-MUM-003,29.19,1009.64,78.7,19.117,72.861,14.0,Mumbai Santacruz AWS
2026-06-01T20:15:00,AWS-MUM-003,29.29,1009.55,74.6,19.117,72.861,14.0,Mumbai Santacruz AWS
2026-06-01T20:20:00,AWS-MUM-003,29.42,1009.84,76.4,19.117,72.861,14.0,Mumbai Santacruz AWS
2026-06-01T20:25:00,AWS-MUM-003,29.1,1009.49,77.3,19.117,72.861,14.0,Mumbai Santacruz AWS
2026-06-01T20:30:00,AWS-MUM-003,28.92,1009.79,77.0,19.117,72.861,14.0,Mumbai Santacruz AWS
2026-06-01T20:35:00,AWS-MUM-003,29.29,1009.73,76.5,19.117,72.861,14.0,Mumbai Santacruz AWS
2026-06-01T20:40:00,AWS-MUM-003,28.83,1009.44,78.8,19.117,72.861,14.0,Mumbai Santacruz AWS
2026-06-01T20:45:00,AWS-MUM-003,28.92,1009.67,77.2,19.117,72.861,14.0,Mumbai Santacruz AWS
2026-06-01T20:50:00,AWS-MUM-003,28.32,1009.73,80.6,19.117,72.861,14.0,Mumbai Santacruz AWS
2026-06-01T20:55:00,AWS-MUM-003,28.79,1009.85,80.3,19.117,72.861,14.0,Mumbai Santacruz AWS
2026-06-01T21:00:00,AWS-MUM-003,28.47,1009.78,82.7,19.117,72.861,14.0,Mumbai Santacruz AWS
2026-06-01T21:05:00,AWS-MUM-003,28.59,1009.58,78.6,19.117,72.861,14.0,Mumbai Santacruz AWS
2026-06-01T21:10:00,AWS-MUM-003,28.36,1009.77,80.2,19.117,72.861,14.0,Mumbai Santacruz AWS
2026-06-01T21:15:00,AWS-MUM-003,28.23,1009.92,82.7,19.117,72.861,14.0,Mumbai Santacruz AWS
2026-06-01T21:20:00,AWS-MUM-003,28.66,1009.93,81.5,19.117,72.861,14.0,Mumbai Santacruz AWS
2026-06-01T21:25:00,AWS-MUM-003,28.19,1009.83,80.8,19.117,72.861,14.0,Mumbai Santacruz AWS
2026-06-01T21:30:00,AWS-MUM-003,28.29,1009.62,80.3,19.117,72.861,14.0,Mumbai Santacruz AWS
2026-06-01T21:35:00,AWS-MUM-003,28.1,1009.86,79.7,19.117,72.861,14.0,Mumbai Santacruz AWS
2026-06-01T21:40:00,AWS-MUM-003,28.22,1009.94,82.3,19.117,72.861,14.0,Mumbai Santacruz AWS
2026-06-01T21:45:00,AWS-MUM-003,27.92,1009.64,83.9,19.117,72.861,14.0,Mumbai Santacruz AWS
2026-06-01T21:50:00,AWS-MUM-003,27.56,1009.67,84.7,19.117,72.861,14.0,Mumbai Santacruz AWS
2026-06-01T21:55:00,AWS-MUM-003,27.75,1010.04,84.4,19.117,72.861,14.0,Mumbai Santacruz AWS
2026-06-01T22:00:00,AWS-MUM-003,27.6,1010.02,85.9,19.117,72.861,14.0,Mumbai Santacruz AWS
2026-06-01T22:05:00,AWS-MUM-003,27.46,1009.92,86.8,19.117,72.861,14.0,Mumbai Santacruz AWS
2026-06-01T22:10:00,AWS-MUM-003,27.27,1009.96,85.8,19.117,72.861,14.0,Mumbai Santacruz AWS
2026-06-01T22:15:00,AWS-MUM-003,27.83,1009.61,82.3,19.117,72.861,14.0,Mumbai Santacruz AWS
2026-06-01T22:20:00,AWS-MUM-003,27.79,1009.82,83.2,19.117,72.861,14.0,Mumbai Santacruz AWS
2026-06-01T22:25:00,AWS-MUM-003,27.31,1009.84,85.9,19.117,72.861,14.0,Mumbai Santacruz AWS
2026-06-01T22:30:00,AWS-MUM-003,27.68,1009.8,84.3,19.117,72.861,14.0,Mumbai Santacruz AWS
2026-06-01T22:35:00,AWS-MUM-003,27.49,1009.88,85.3,19.117,72.861,14.0,Mumbai Santacruz AWS
2026-06-01T22:40:00,AWS-MUM-003,27.75,1009.65,84.6,19.117,72.861,14.0,Mumbai Santacruz AWS
2026-06-01T22:45:00,AWS-MUM-003,27.2,1009.8,87.3,19.117,72.861,14.0,Mumbai Santacruz AWS
2026-06-01T22:50:00,AWS-MUM-003,27.43,1009.81,85.7,19.117,72.861,14.0,Mumbai Santacruz AWS
2026-06-01T22:55:00,AWS-MUM-003,27.06,1009.62,85.0,19.117,72.861,14.0,Mumbai Santacruz AWS
2026-06-01T23:00:00,AWS-MUM-003,27.25,1009.65,87.2,19.117,72.861,14.0,Mumbai Santacruz AWS
2026-06-01T23:05:00,AWS-MUM-003,27.21,1009.38,87.3,19.117,72.861,14.0,Mumbai Santacruz AWS
2026-06-01T23:10:00,AWS-MUM-003,26.91,1009.36,87.7,19.117,72.861,14.0,Mumbai Santacruz AWS
2026-06-01T23:15:00,AWS-MUM-003,27.03,1009.77,87.1,19.117,72.861,14.0,Mumbai Santacruz AWS
2026-06-01T23:20:00,AWS-MUM-003,27.0,1009.35,86.7,19.117,72.861,14.0,Mumbai Santacruz AWS
2026-06-01T23:25:00,AWS-MUM-003,26.78,1009.5,88.3,19.117,72.861,14.0,Mumbai Santacruz AWS
2026-06-01T23:30:00,AWS-MUM-003,26.79,1009.73,87.7,19.117,72.861,14.0,Mumbai Santacruz AWS
2026-06-01T23:35:00,AWS-MUM-003,26.56,1009.56,88.3,19.117,72.861,14.0,Mumbai Santacruz AWS
2026-06-01T23:40:00,AWS-MUM-003,26.56,1009.35,89.6,19.117,72.861,14.0,Mumbai Santacruz AWS
2026-06-01T23:45:00,AWS-MUM-003,26.31,1009.41,90.0,19.117,72.861,14.0,Mumbai Santacruz AWS
2026-06-01T23:50:00,AWS-MUM-003,26.42,1009.39,91.5,19.117,72.861,14.0,Mumbai Santacruz AWS
2026-06-01T23:55:00,AWS-MUM-003,26.41,1008.92,90.5,19.117,72.861,14.0,Mumbai Santacruz AWS
2026-06-01T00:00:00,AWS-CHN-004,27.31,1007.55,87.7,12.994,80.18,16.0,Chennai Meenambakkam AWS
2026-06-01T00:05:00,AWS-CHN-004,27.67,1007.84,86.4,12.994,80.18,16.0,Chennai Meenambakkam AWS
2026-06-01T00:10:00,AWS-CHN-004,27.42,1007.5,87.5,12.994,80.18,16.0,Chennai Meenambakkam AWS
2026-06-01T00:15:00,AWS-CHN-004,27.31,1007.62,89.8,12.994,80.18,16.0,Chennai Meenambakkam AWS
2026-06-01T00:20:00,AWS-CHN-004,27.36,1007.73,90.3,12.994,80.18,16.0,Chennai Meenambakkam AWS
2026-06-01T00:25:00,AWS-CHN-004,26.86,1007.55,90.2,12.994,80.18,16.0,Chennai Meenambakkam AWS
2026-06-01T00:30:00,AWS-CHN-004,26.89,1007.41,91.4,12.994,80.18,16.0,Chennai Meenambakkam AWS
2026-06-01T00:35:00,AWS-CHN-004,27.32,1007.5,89.0,12.994,80.18,16.0,Chennai Meenambakkam AWS
2026-06-01T00:40:00,AWS-CHN-004,26.85,1007.33,92.6,12.994,80.18,16.0,Chennai Meenambakkam AWS
2026-06-01T00:45:00,AWS-CHN-004,26.86,1007.48,92.1,12.994,80.18,16.0,Chennai Meenambakkam AWS
2026-06-01T00:50:00,AWS-CHN-004,26.87,1007.54,90.3,12.994,80.18,16.0,Chennai Meenambakkam AWS
2026-06-01T00:55:00,AWS-CHN-004,27.0,1007.46,91.7,12.994,80.18,16.0,Chennai Meenambakkam AWS
2026-06-01T01:00:00,AWS-CHN-004,26.63,1007.36,91.9,12.994,80.18,16.0,Chennai Meenambakkam AWS
2026-06-01T01:05:00,AWS-CHN-004,27.18,1007.37,89.6,12.994,80.18,16.0,Chennai Meenambakkam AWS
2026-06-01T01:10:00,AWS-CHN-004,26.83,1006.81,91.4,12.994,80.18,16.0,Chennai Meenambakkam AWS
2026-06-01T01:15:00,AWS-CHN-004,26.48,1007.01,95.3,12.994,80.18,16.0,Chennai Meenambakkam AWS
2026-06-01T01:20:00,AWS-CHN-004,26.64,1007.04,89.9,12.994,80.18,16.0,Chennai Meenambakkam AWS
2026-06-01T01:25:00,AWS-CHN-004,26.77,1007.15,92.6,12.994,80.18,16.0,Chennai Meenambakkam AWS
2026-06-01T01:30:00,AWS-CHN-004,26.56,1006.73,91.0,12.994,80.18,16.0,Chennai Meenambakkam AWS
2026-06-01T01:35:00,AWS-CHN-004,26.98,1006.86,92.3,12.994,80.18,16.0,Chennai Meenambakkam AWS
2026-06-01T01:40:00,AWS-CHN-004,26.54,1007.18,92.5,12.994,80.18,16.0,Chennai Meenambakkam AWS
2026-06-01T01:45:00,AWS-CHN-004,26.91,1006.89,90.3,12.994,80.18,16.0,Chennai Meenambakkam AWS
2026-06-01T01:50:00,AWS-CHN-004,26.75,1007.38,90.9,12.994,80.18,16.0,Chennai Meenambakkam AWS
2026-06-01T01:55:00,AWS-CHN-004,26.4,1006.65,92.8,12.994,80.18,16.0,Chennai Meenambakkam AWS
2026-06-01T02:00:00,AWS-CHN-004,26.44,1006.94,92.5,12.994,80.18,16.0,Chennai Meenambakkam AWS
2026-06-01T02:05:00,AWS-CHN-004,26.67,1006.91,91.6,12.994,80.18,16.0,Chennai Meenambakkam AWS
2026-06-01T02:10:00,AWS-CHN-004,26.36,1006.66,93.2,12.994,80.18,16.0,Chennai Meenambakkam AWS
2026-06-01T02:15:00,AWS-CHN-004,26.63,1006.69,94.0,12.994,80.18,16.0,Chennai Meenambakkam AWS
2026-06-01T02:20:00,AWS-CHN-004,26.9,1007.02,92.1,12.994,80.18,16.0,Chennai Meenambakkam AWS
2026-06-01T02:25:00,AWS-CHN-004,26.66,1006.52,91.1,12.994,80.18,16.0,Chennai Meenambakkam AWS
2026-06-01T02:30:00,AWS-CHN-004,26.91,1006.54,91.8,12.994,80.18,16.0,Chennai Meenambakkam AWS
2026-06-01T02:35:00,AWS-CHN-004,26.63,1006.52,91.9,12.994,80.18,16.0,Chennai Meenambakkam AWS
2026-06-01T02:40:00,AWS-CHN-004,26.77,1006.7,93.2,12.994,80.18,16.0,Chennai Meenambakkam AWS
2026-06-01T02:45:00,AWS-CHN-004,26.14,1006.64,95.9,12.994,80.18,16.0,Chennai Meenambakkam AWS
2026-06-01T02:50:00,AWS-CHN-004,26.43,1006.45,94.8,12.994,80.18,16.0,Chennai Meenambakkam AWS
2026-06-01T02:55:00,AWS-CHN-004,26.68,1006.21,91.9,12.994,80.18,16.0,Chennai Meenambakkam AWS
2026-06-01T03:00:00,AWS-CHN-004,26.53,1006.55,93.6,12.994,80.18,16.0,Chennai Meenambakkam AWS
2026-06-01T03:05:00,AWS-CHN-004,26.55,1006.58,95.0,12.994,80.18,16.0,Chennai Meenambakkam AWS
2026-06-01T03:10:00,AWS-CHN-004,26.71,1006.43,92.8,12.994,80.18,16.0,Chennai Meenambakkam AWS
2026-06-01T03:15:00,AWS-CHN-004,26.59,1006.35,92.8,12.994,80.18,16.0,Chennai Meenambakkam AWS
2026-06-01T03:20:00,AWS-CHN-004,26.73,1006.42,90.6,12.994,80.18,16.0,Chennai Meenambakkam AWS
2026-06-01T03:25:00,AWS-CHN-004,26.68,1006.51,93.4,12.994,80.18,16.0,Chennai Meenambakkam AWS
2026-06-01T03:30:00,AWS-CHN-004,26.7,1006.36,91.3,12.994,80.18,16.0,Chennai Meenambakkam AWS
2026-06-01T03:35:00,AWS-CHN-004,26.46,1006.35,93.1,12.994,80.18,16.0,Chennai Meenambakkam AWS
2026-06-01T03:40:00,AWS-CHN-004,26.48,1006.16,95.3,12.994,80.18,16.0,Chennai Meenambakkam AWS
2026-06-01T03:45:00,AWS-CHN-004,26.81,1006.45,94.1,12.994,80.18,16.0,Chennai Meenambakkam AWS
2026-06-01T03:50:00,AWS-CHN-004,26.76,1006.04,91.4,12.994,80.18,16.0,Chennai Meenambakkam AWS
2026-06-01T03:55:00,AWS-CHN-004,26.48,1006.38,94.8,12.994,80.18,16.0,Chennai Meenambakkam AWS
2026-06-01T04:00:00,AWS-CHN-004,26.85,1006.07,91.2,12.994,80.18,16.0,Chennai Meenambakkam AWS
2026-06-01T04:05:00,AWS-CHN-004,26.86,1006.4,91.3,12.994,80.18,16.0,Chennai Meenambakkam AWS
2026-06-01T04:10:00,AWS-CHN-004,26.66,1006.35,94.0,12.994,80.18,16.0,Chennai Meenambakkam AWS
2026-06-01T04:15:00,AWS-CHN-004,27.01,1006.21,92.1,12.994,80.18,16.0,Chennai Meenambakkam AWS
2026-06-01T04:20:00,AWS-CHN-004,26.97,1006.39,89.5,12.994,80.18,16.0,Chennai Meenambakkam AWS
2026-06-01T04:25:00,AWS-CHN-004,27.18,1006.61,90.9,12.994,80.18,16.0,Chennai Meenambakkam AWS
2026-06-01T04:30:00,AWS-CHN-004,27.16,1006.41,88.8,12.994,80.18,16.0,Chennai Meenambakkam AWS
2026-06-01T04:35:00,AWS-CHN-004,26.9,1006.33,89.5,12.994,80.18,16.0,Chennai Meenambakkam AWS
2026-06-01T04:40:00,AWS-CHN-004,27.06,1006.51,88.6,12.994,80.18,16.0,Chennai Meenambakkam AWS
2026-06-01T04:45:00,AWS-CHN-004,27.39,1006.26,89.3,12.994,80.18,16.0,Chennai Meenambakkam AWS
2026-06-01T04:50:00,AWS-CHN-004,27.27,1006.25,90.6,12.994,80.18,16.0,Chennai Meenambakkam AWS
2026-06-01T04:55:00,AWS-CHN-004,27.61,1006.55,88.8,12.994,80.18,16.0,Chennai Meenambakkam AWS
2026-06-01T05:00:00,AWS-CHN-004,27.47,1006.51,88.9,12.994,80.18,16.0,Chennai Meenambakkam AWS
2026-06-01T05:05:00,AWS-CHN-004,27.37,1006.34,89.6,12.994,80.18,16.0,Chennai Meenambakkam AWS
2026-06-01T05:10:00,AWS-CHN-004,27.39,1006.57,87.4,12.994,80.18,16.0,Chennai Meenambakkam AWS
2026-06-01T05:15:00,AWS-CHN-004,27.38,1006.75,89.5,12.994,80.18,16.0,Chennai Meenambakkam AWS
2026-06-01T05:20:00,AWS-CHN-004,27.6,1006.28,84.0,12.994,80.18,16.0,Chennai Meenambakkam AWS
2026-06-01T05:25:00,AWS-CHN-004,27.49,1006.3,87.2,12.994,80.18,16.0,Chennai Meenambakkam AWS
2026-06-01T05:30:00,AWS-CHN-004,27.79,1006.49,84.5,12.994,80.18,16.0,Chennai Meenambakkam AWS
2026-06-01T05:35:00,AWS-CHN-004,27.74,1006.75,87.9,12.994,80.18,16.0,Chennai Meenambakkam AWS
2026-06-01T05:40:00,AWS-CHN-004,27.7,1006.42,88.0,12.994,80.18,16.0,Chennai Meenambakkam AWS
2026-06-01T05:45:00,AWS-CHN-004,27.71,1006.53,87.8,12.994,80.18,16.0,Chennai Meenambakkam AWS
2026-06-01T05:50:00,AWS-CHN-004,28.34,1006.4,83.2,12.994,80.18,16.0,Chennai Meenambakkam AWS
2026-06-01T05:55:00,AWS-CHN-004,28.22,1006.62,84.3,12.994,80.18,16.0,Chennai Meenambakkam AWS
2026-06-01T06:00:00,AWS-CHN-004,28.12,1006.73,84.0,12.994,80.18,16.0,Chennai Meenambakkam AWS
2026-06-01T06:05:00,AWS-CHN-004,28.2,1006.52,85.3,12.994,80.18,16.0,Chennai Meenambakkam AWS
2026-06-01T06:10:00,AWS-CHN-004,28.08,1007.02,85.2,12.994,80.18,16.0,Chennai Meenambakkam AWS
2026-06-01T06:15:00,AWS-CHN-004,28.5,1007.04,83.7,12.994,80.18,16.0,Chennai Meenambakkam AWS
2026-06-01T06:20:00,AWS-CHN-004,28.31,1007.09,82.4,12.994,80.18,16.0,Chennai Meenambakkam AWS
2026-06-01T06:25:00,AWS-CHN-004,28.59,1007.19,81.7,12.994,80.18,16.0,Chennai Meenambakkam AWS
2026-06-01T06:30:00,AWS-CHN-004,28.44,1007.02,82.3,12.994,80.18,16.0,Chennai Meenambakkam AWS
2026-06-01T06:35:00,AWS-CHN-004,28.63,1007.16,82.0,12.994,80.18,16.0,Chennai Meenambakkam AWS
2026-06-01T06:40:00,AWS-CHN-004,28.6,1007.04,83.4,12.994,80.18,16.0,Chennai Meenambakkam AWS
2026-06-01T06:45:00,AWS-CHN-004,28.56,1007.32,82.6,12.994,80.18,16.0,Chennai Meenambakkam AWS
2026-06-01T06:50:00,AWS-CHN-004,29.0,1007.08,83.3,12.994,80.18,16.0,Chennai Meenambakkam AWS
2026-06-01T06:55:00,AWS-CHN-004,28.86,1007.56,82.6,12.994,80.18,16.0,Chennai Meenambakkam AWS
2026-06-01T07:00:00,AWS-CHN-004,29.21,1007.54,79.9,12.994,80.18,16.0,Chennai Meenambakkam AWS
2026-06-01T07:05:00,AWS-CHN-004,29.18,1007.49,80.6,12.994,80.18,16.0,Chennai Meenambakkam AWS
2026-06-01T07:10:00,AWS-CHN-004,29.03,1007.82,79.5,12.994,80.18,16.0,Chennai Meenambakkam AWS
2026-06-01T07:15:00,AWS-CHN-004,29.66,1007.55,78.9,12.994,80.18,16.0,Chennai Meenambakkam AWS
2026-06-01T07:20:00,AWS-CHN-004,29.33,1007.9,79.2,12.994,80.18,16.0,Chennai Meenambakkam AWS
2026-06-01T07:25:00,AWS-CHN-004,29.14,1007.89,81.0,12.994,80.18,16.0,Chennai Meenambakkam AWS
2026-06-01T07:30:00,AWS-CHN-004,29.55,1007.83,79.1,12.994,80.18,16.0,Chennai Meenambakkam AWS
2026-06-01T07:35:00,AWS-CHN-004,29.76,1008.06,76.6,12.994,80.18,16.0,Chennai Meenambakkam AWS
2026-06-01T07:40:00,AWS-CHN-004,29.48,1008.2,79.0,12.994,80.18,16.0,Chennai Meenambakkam AWS
2026-06-01T07:45:00,AWS-CHN-004,30.23,1008.15,77.2,12.994,80.18,16.0,Chennai Meenambakkam AWS
2026-06-01T07:50:00,AWS-CHN-004,29.94,1008.3,77.1,12.994,80.18,16.0,Chennai Meenambakkam AWS
2026-06-01T07:55:00,AWS-CHN-004,30.27,1008.58,75.0,12.994,80.18,16.0,Chennai Meenambakkam AWS
2026-06-01T08:00:00,AWS-CHN-004,30.08,1008.08,76.0,12.994,80.18,16.0,Chennai Meenambakkam AWS
2026-06-01T08:05:00,AWS-CHN-004,29.78,1008.57,75.9,12.994,80.18,16.0,Chennai Meenambakkam AWS
2026-06-01T08:10:00,AWS-CHN-004,30.34,1008.69,73.0,12.994,80.18,16.0,Chennai Meenambakkam AWS
2026-06-01T08:15:00,AWS-CHN-004,30.41,1008.65,74.4,12.994,80.18,16.0,Chennai Meenambakkam AWS
2026-06-01T08:20:00,AWS-CHN-004,30.67,1008.53,72.3,12.994,80.18,16.0,Chennai Meenambakkam AWS
2026-06-01T08:25:00,AWS-CHN-004,30.48,1008.77,74.8,12.994,80.18,16.0,Chennai Meenambakkam AWS
2026-06-01T08:30:00,AWS-CHN-004,30.84,1008.63,75.1,12.994,80.18,16.0,Chennai Meenambakkam AWS
2026-06-01T08:35:00,AWS-CHN-004,30.45,1008.94,73.4,12.994,80.18,16.0,Chennai Meenambakkam AWS
2026-06-01T08:40:00,AWS-CHN-004,30.77,1009.22,71.9,12.994,80.18,16.0,Chennai Meenambakkam AWS
2026-06-01T08:45:00,AWS-CHN-004,30.8,1008.87,73.9,12.994,80.18,16.0,Chennai Meenambakkam AWS
2026-06-01T08:50:00,AWS-CHN-004,31.16,1009.19,71.3,12.994,80.18,16.0,Chennai Meenambakkam AWS
2026-06-01T08:55:00,AWS-CHN-004,31.02,1009.23,70.9,12.994,80.18,16.0,Chennai Meenambakkam AWS
2026-06-01T09:00:00,AWS-CHN-004,31.24,1009.31,71.4,12.994,80.18,16.0,Chennai Meenambakkam AWS
2026-06-01T09:05:00,AWS-CHN-004,31.5,1009.24,69.9,12.994,80.18,16.0,Chennai Meenambakkam AWS
2026-06-01T09:10:00,AWS-CHN-004,31.54,1009.3,72.3,12.994,80.18,16.0,Chennai Meenambakkam AWS
2026-06-01T09:15:00,AWS-CHN-004,31.33,1009.54,68.6,12.994,80.18,16.0,Chennai Meenambakkam AWS
2026-06-01T09:20:00,AWS-CHN-004,31.71,1009.02,69.2,12.994,80.18,16.0,Chennai Meenambakkam AWS
2026-06-01T09:25:00,AWS-CHN-004,31.4,1009.23,70.4,12.994,80.18,16.0,Chennai Meenambakkam AWS
2026-06-01T09:30:00,AWS-CHN-004,32.05,1009.55,68.9,12.994,80.18,16.0,Chennai Meenambakkam AWS
2026-06-01T09:35:00,AWS-CHN-004,31.9,1009.51,67.3,12.994,80.18,16.0,Chennai Meenambakkam AWS
2026-06-01T09:40:00,AWS-CHN-004,32.22,1009.48,65.8,12.994,80.18,16.0,Chennai Meenambakkam AWS
2026-06-01T09:45:00,AWS-CHN-004,31.7,1009.26,70.8,12.994,80.18,16.0,Chennai Meenambakkam AWS
2026-06-01T09:50:00,AWS-CHN-004,32.23,1009.58,64.9,12.994,80.18,16.0,Chennai Meenambakkam AWS
2026-06-01T09:55:00,AWS-CHN-004,32.03,1009.26,68.1,12.994,80.18,16.0,Chennai Meenambakkam AWS
2026-06-01T10:00:00,AWS-CHN-004,32.53,1009.64,67.6,12.994,80.18,16.0,Chennai Meenambakkam AWS
2026-06-01T10:05:00,AWS-CHN-004,33.330000000000005,1009.63,65.2,12.994,80.18,16.0,Chennai Meenambakkam AWS
2026-06-01T10:10:00,AWS-CHN-004,33.660000000000004,1009.5,66.6,12.994,80.18,16.0,Chennai Meenambakkam AWS
2026-06-01T10:15:00,AWS-CHN-004,34.669999999999995,1009.48,63.2,12.994,80.18,16.0,Chennai Meenambakkam AWS
2026-06-01T10:20:00,AWS-CHN-004,35.160000000000004,1009.81,65.5,12.994,80.18,16.0,Chennai Meenambakkam AWS
2026-06-01T10:25:00,AWS-CHN-004,35.04,1009.25,63.5,12.994,80.18,16.0,Chennai Meenambakkam AWS
2026-06-01T10:30:00,AWS-CHN-004,36.16,1009.46,64.8,12.994,80.18,16.0,Chennai Meenambakkam AWS
2026-06-01T10:35:00,AWS-CHN-004,36.040000000000006,1009.09,66.7,12.994,80.18,16.0,Chennai Meenambakkam AWS
2026-06-01T10:40:00,AWS-CHN-004,37.03,1009.42,63.2,12.994,80.18,16.0,Chennai Meenambakkam AWS
2026-06-01T10:45:00,AWS-CHN-004,37.16,1009.22,65.9,12.994,80.18,16.0,Chennai Meenambakkam AWS
2026-06-01T10:50:00,AWS-CHN-004,37.92,1009.14,63.3,12.994,80.18,16.0,Chennai Meenambakkam AWS
2026-06-01T10:55:00,AWS-CHN-004,38.46,1009.62,62.7,12.994,80.18,16.0,Chennai Meenambakkam AWS
2026-06-01T11:00:00,AWS-CHN-004,39.05,1009.35,61.9,12.994,80.18,16.0,Chennai Meenambakkam AWS
2026-06-01T11:05:00,AWS-CHN-004,39.53,1009.41,63.7,12.994,80.18,16.0,Chennai Meenambakkam AWS
2026-06-01T11:10:00,AWS-CHN-004,39.47,1009.32,63.4,12.994,80.18,16.0,Chennai Meenambakkam AWS
2026-06-01T11:15:00,AWS-CHN-004,39.96,1009.29,62.9,12.994,80.18,16.0,Chennai Meenambakkam AWS
2026-06-01T11:20:00,AWS-CHN-004,40.64,1009.23,62.3,12.994,80.18,16.0,Chennai Meenambakkam AWS
2026-06-01T11:25:00,AWS-CHN-004,41.2,1009.18,63.3,12.994,80.18,16.0,Chennai Meenambakkam AWS
2026-06-01T11:30:00,AWS-CHN-004,42.1,1008.77,63.4,12.994,80.18,16.0,Chennai Meenambakkam AWS
2026-06-01T11:35:00,AWS-CHN-004,42.370000000000005,1008.88,62.9,12.994,80.18,16.0,Chennai Meenambakkam AWS
2026-06-01T11:40:00,AWS-CHN-004,42.65,1008.86,64.7,12.994,80.18,16.0,Chennai Meenambakkam AWS
2026-06-01T11:45:00,AWS-CHN-004,43.05,1008.86,62.2,12.994,80.18,16.0,Chennai Meenambakkam AWS
2026-06-01T11:50:00,AWS-CHN-004,43.96000000000001,1008.85,63.4,12.994,80.18,16.0,Chennai Meenambakkam AWS
2026-06-01T11:55:00,AWS-CHN-004,44.410000000000004,1008.86,61.1,12.994,80.18,16.0,Chennai Meenambakkam AWS
2026-06-01T12:00:00,AWS-CHN-004,45.06,1008.9,60.2,12.994,80.18,16.0,Chennai Meenambakkam AWS
2026-06-01T12:05:00,AWS-CHN-004,44.95,1008.75,63.5,12.994,80.18,16.0,Chennai Meenambakkam AWS
2026-06-01T12:10:00,AWS-CHN-004,45.74,1008.84,64.0,12.994,80.18,16.0,Chennai Meenambakkam AWS
2026-06-01T12:15:00,AWS-CHN-004,46.5,1008.78,61.0,12.994,80.18,16.0,Chennai Meenambakkam AWS
2026-06-01T12:20:00,AWS-CHN-004,46.53,1008.63,60.6,12.994,80.18,16.0,Chennai Meenambakkam AWS
2026-06-01T12:25:00,AWS-CHN-004,47.52,1008.39,58.9,12.994,80.18,16.0,Chennai Meenambakkam AWS
2026-06-01T12:30:00,AWS-CHN-004,47.980000000000004,1008.26,58.4,12.994,80.18,16.0,Chennai Meenambakkam AWS
2026-06-01T12:35:00,AWS-CHN-004,48.10000000000001,1008.26,60.4,12.994,80.18,16.0,Chennai Meenambakkam AWS
2026-06-01T12:40:00,AWS-CHN-004,48.67,1008.02,59.7,12.994,80.18,16.0,Chennai Meenambakkam AWS
2026-06-01T12:45:00,AWS-CHN-004,49.050000000000004,1008.19,60.3,12.994,80.18,16.0,Chennai Meenambakkam AWS
2026-06-01T12:50:00,AWS-CHN-004,49.59,1008.25,60.7,12.994,80.18,16.0,Chennai Meenambakkam AWS
2026-06-01T12:55:00,AWS-CHN-004,49.92,1007.83,58.7,12.994,80.18,16.0,Chennai Meenambakkam AWS
2026-06-01T13:00:00,AWS-CHN-004,34.12,1008.33,62.3,12.994,80.18,16.0,Chennai Meenambakkam AWS
2026-06-01T13:05:00,AWS-CHN-004,34.56,1008.22,59.1,12.994,80.18,16.0,Chennai Meenambakkam AWS
2026-06-01T13:10:00,AWS-CHN-004,34.49,1008.19,60.0,12.994,80.18,16.0,Chennai Meenambakkam AWS
2026-06-01T13:15:00,AWS-CHN-004,34.53,1007.57,59.3,12.994,80.18,16.0,Chennai Meenambakkam AWS
2026-06-01T13:20:00,AWS-CHN-004,34.21,1007.58,60.6,12.994,80.18,16.0,Chennai Meenambakkam AWS
2026-06-01T13:25:00,AWS-CHN-004,34.35,1007.68,60.2,12.994,80.18,16.0,Chennai Meenambakkam AWS
2026-06-01T13:30:00,AWS-CHN-004,34.5,1008.1,58.1,12.994,80.18,16.0,Chennai Meenambakkam AWS
2026-06-01T13:35:00,AWS-CHN-004,34.55,1007.71,58.1,12.994,80.18,16.0,Chennai Meenambakkam AWS
2026-06-01T13:40:00,AWS-CHN-004,34.22,1007.76,59.5,12.994,80.18,16.0,Chennai Meenambakkam AWS
2026-06-01T13:45:00,AWS-CHN-004,34.47,1007.74,60.9,12.994,80.18,16.0,Chennai Meenambakkam AWS
2026-06-01T13:50:00,AWS-CHN-004,34.15,1007.56,60.8,12.994,80.18,16.0,Chennai Meenambakkam AWS
2026-06-01T13:55:00,AWS-CHN-004,34.62,1007.61,57.2,12.994,80.18,16.0,Chennai Meenambakkam AWS
2026-06-01T14:00:00,AWS-CHN-004,34.64,1007.33,59.6,12.994,80.18,16.0,Chennai Meenambakkam AWS
2026-06-01T14:05:00,AWS-CHN-004,34.78,1007.61,59.1,12.994,80.18,16.0,Chennai Meenambakkam AWS
2026-06-01T14:10:00,AWS-CHN-004,34.2,1007.39,58.4,12.994,80.18,16.0,Chennai Meenambakkam AWS
2026-06-01T14:15:00,AWS-CHN-004,34.39,1007.41,56.6,12.994,80.18,16.0,Chennai Meenambakkam AWS
2026-06-01T14:20:00,AWS-CHN-004,34.58,1007.3,58.6,12.994,80.18,16.0,Chennai Meenambakkam AWS
2026-06-01T14:25:00,AWS-CHN-004,34.33,1007.32,60.6,12.994,80.18,16.0,Chennai Meenambakkam AWS
2026-06-01T14:30:00,AWS-CHN-004,34.59,1007.24,59.0,12.994,80.18,16.0,Chennai Meenambakkam AWS
2026-06-01T14:35:00,AWS-CHN-004,34.4,1007.27,58.3,12.994,80.18,16.0,Chennai Meenambakkam AWS
2026-06-01T14:40:00,AWS-CHN-004,34.71,1007.13,59.8,12.994,80.18,16.0,Chennai Meenambakkam AWS
2026-06-01T14:45:00,AWS-CHN-004,34.53,1007.25,58.1,12.994,80.18,16.0,Chennai Meenambakkam AWS
2026-06-01T14:50:00,AWS-CHN-004,34.48,1006.95,60.7,12.994,80.18,16.0,Chennai Meenambakkam AWS
2026-06-01T14:55:00,AWS-CHN-004,34.25,1007.02,59.3,12.994,80.18,16.0,Chennai Meenambakkam AWS
2026-06-01T15:00:00,AWS-CHN-004,34.4,1006.93,60.6,12.994,80.18,16.0,Chennai Meenambakkam AWS
2026-06-01T15:05:00,AWS-CHN-004,34.35,1006.74,58.6,12.994,80.18,16.0,Chennai Meenambakkam AWS
2026-06-01T15:10:00,AWS-CHN-004,34.42,1007.19,60.0,12.994,80.18,16.0,Chennai Meenambakkam AWS
2026-06-01T15:15:00,AWS-CHN-004,34.71,1006.99,56.2,12.994,80.18,16.0,Chennai Meenambakkam AWS
2026-06-01T15:20:00,AWS-CHN-004,34.46,1006.86,60.5,12.994,80.18,16.0,Chennai Meenambakkam AWS
2026-06-01T15:25:00,AWS-CHN-004,34.08,1006.94,59.3,12.994,80.18,16.0,Chennai Meenambakkam AWS
2026-06-01T15:30:00,AWS-CHN-004,34.5,1007.01,57.3,12.994,80.18,16.0,Chennai Meenambakkam AWS
2026-06-01T15:35:00,AWS-CHN-004,34.77,1006.91,57.5,12.994,80.18,16.0,Chennai Meenambakkam AWS
2026-06-01T15:40:00,AWS-CHN-004,34.62,1006.9,59.6,12.994,80.18,16.0,Chennai Meenambakkam AWS
2026-06-01T15:45:00,AWS-CHN-004,34.69,1006.7,57.2,12.994,80.18,16.0,Chennai Meenambakkam AWS
2026-06-01T15:50:00,AWS-CHN-004,34.42,1006.84,59.4,12.994,80.18,16.0,Chennai Meenambakkam AWS
2026-06-01T15:55:00,AWS-CHN-004,34.23,1006.65,60.2,12.994,80.18,16.0,Chennai Meenambakkam AWS
2026-06-01T16:00:00,AWS-CHN-004,34.4,1006.51,60.4,12.994,80.18,16.0,Chennai Meenambakkam AWS
2026-06-01T16:05:00,AWS-CHN-004,33.82,1006.56,62.3,12.994,80.18,16.0,Chennai Meenambakkam AWS
2026-06-01T16:10:00,AWS-CHN-004,33.67,1006.9,61.0,12.994,80.18,16.0,Chennai Meenambakkam AWS
2026-06-01T16:15:00,AWS-CHN-004,34.14,1006.86,59.2,12.994,80.18,16.0,Chennai Meenambakkam AWS
2026-06-01T16:20:00,AWS-CHN-004,34.32,1006.79,59.8,12.994,80.18,16.0,Chennai Meenambakkam AWS
2026-06-01T16:25:00,AWS-CHN-004,34.05,1006.74,61.0,12.994,80.18,16.0,Chennai Meenambakkam AWS
2026-06-01T16:30:00,AWS-CHN-004,34.33,1007.02,58.8,12.994,80.18,16.0,Chennai Meenambakkam AWS
2026-06-01T16:35:00,AWS-CHN-004,34.02,1006.91,60.2,12.994,80.18,16.0,Chennai Meenambakkam AWS
2026-06-01T16:40:00,AWS-CHN-004,34.06,1007.0,60.7,12.994,80.18,16.0,Chennai Meenambakkam AWS
2026-06-01T16:45:00,AWS-CHN-004,33.88,1006.99,61.6,12.994,80.18,16.0,Chennai Meenambakkam AWS
2026-06-01T16:50:00,AWS-CHN-004,33.8,1006.87,61.6,12.994,80.18,16.0,Chennai Meenambakkam AWS
2026-06-01T16:55:00,AWS-CHN-004,33.7,1006.8,62.0,12.994,80.18,16.0,Chennai Meenambakkam AWS
2026-06-01T17:00:00,AWS-CHN-004,34.19,1006.94,60.3,12.994,80.18,16.0,Chennai Meenambakkam AWS
2026-06-01T17:05:00,AWS-CHN-004,33.82,1007.04,59.9,12.994,80.18,16.0,Chennai Meenambakkam AWS
2026-06-01T17:10:00,AWS-CHN-004,33.61,1006.87,62.0,12.994,80.18,16.0,Chennai Meenambakkam AWS
2026-06-01T17:15:00,AWS-CHN-004,33.54,1007.21,62.6,12.994,80.18,16.0,Chennai Meenambakkam AWS
2026-06-01T17:20:00,AWS-CHN-004,33.65,1006.91,62.2,12.994,80.18,16.0,Chennai Meenambakkam AWS
2026-06-01T17:25:00,AWS-CHN-004,33.33,1007.19,63.3,12.994,80.18,16.0,Chennai Meenambakkam AWS
2026-06-01T17:30:00,AWS-CHN-004,33.53,1007.3,60.6,12.994,80.18,16.0,Chennai Meenambakkam AWS
2026-06-01T17:35:00,AWS-CHN-004,33.33,1007.39,63.0,12.994,80.18,16.0,Chennai Meenambakkam AWS
2026-06-01T17:40:00,AWS-CHN-004,33.54,1007.34,61.9,12.994,80.18,16.0,Chennai Meenambakkam AWS
2026-06-01T17:45:00,AWS-CHN-004,33.55,1007.5,63.3,12.994,80.18,16.0,Chennai Meenambakkam AWS
2026-06-01T17:50:00,AWS-CHN-004,33.49,1007.17,61.6,12.994,80.18,16.0,Chennai Meenambakkam AWS
2026-06-01T17:55:00,AWS-CHN-004,32.81,1007.5,63.0,12.994,80.18,16.0,Chennai Meenambakkam AWS
2026-06-01T18:00:00,AWS-CHN-004,33.01,1007.46,63.6,12.994,80.18,16.0,Chennai Meenambakkam AWS
2026-06-01T18:05:00,AWS-CHN-004,32.9,1007.56,64.9,12.994,80.18,16.0,Chennai Meenambakkam AWS
2026-06-01T18:10:00,AWS-CHN-004,33.04,1007.8,62.8,12.994,80.18,16.0,Chennai Meenambakkam AWS
2026-06-01T18:15:00,AWS-CHN-004,33.23,1007.92,65.4,12.994,80.18,16.0,Chennai Meenambakkam AWS
2026-06-01T18:20:00,AWS-CHN-004,32.27,1007.7,68.2,12.994,80.18,16.0,Chennai Meenambakkam AWS
2026-06-01T18:25:00,AWS-CHN-004,32.52,1007.69,65.4,12.994,80.18,16.0,Chennai Meenambakkam AWS
2026-06-01T18:30:00,AWS-CHN-004,32.78,1007.82,65.5,12.994,80.18,16.0,Chennai Meenambakkam AWS
2026-06-01T18:35:00,AWS-CHN-004,32.37,1008.02,64.9,12.994,80.18,16.0,Chennai Meenambakkam AWS
2026-06-01T18:40:00,AWS-CHN-004,32.7,1007.94,65.4,12.994,80.18,16.0,Chennai Meenambakkam AWS
2026-06-01T18:45:00,AWS-CHN-004,32.61,1008.24,66.6,12.994,80.18,16.0,Chennai Meenambakkam AWS
2026-06-01T18:50:00,AWS-CHN-004,32.47,1008.17,66.6,12.994,80.18,16.0,Chennai Meenambakkam AWS
2026-06-01T18:55:00,AWS-CHN-004,32.41,1008.14,67.3,12.994,80.18,16.0,Chennai Meenambakkam AWS
2026-06-01T19:00:00,AWS-CHN-004,32.16,1008.36,66.7,12.994,80.18,16.0,Chennai Meenambakkam AWS
2026-06-01T19:05:00,AWS-CHN-004,31.85,1008.03,66.6,12.994,80.18,16.0,Chennai Meenambakkam AWS
2026-06-01T19:10:00,AWS-CHN-004,32.0,1008.11,70.4,12.994,80.18,16.0,Chennai Meenambakkam AWS
2026-06-01T19:15:00,AWS-CHN-004,32.29,1008.17,65.6,12.994,80.18,16.0,Chennai Meenambakkam AWS
2026-06-01T19:20:00,AWS-CHN-004,31.82,1008.12,66.5,12.994,80.18,16.0,Chennai Meenambakkam AWS
2026-06-01T19:25:00,AWS-CHN-004,32.01,1008.29,67.2,12.994,80.18,16.0,Chennai Meenambakkam AWS
2026-06-01T19:30:00,AWS-CHN-004,31.85,1008.34,68.4,12.994,80.18,16.0,Chennai Meenambakkam AWS
2026-06-01T19:35:00,AWS-CHN-004,31.83,1008.08,68.2,12.994,80.18,16.0,Chennai Meenambakkam AWS
2026-06-01T19:40:00,AWS-CHN-004,31.5,1008.4,72.0,12.994,80.18,16.0,Chennai Meenambakkam AWS
2026-06-01T19:45:00,AWS-CHN-004,31.46,1008.59,71.2,12.994,80.18,16.0,Chennai Meenambakkam AWS
2026-06-01T19:50:00,AWS-CHN-004,31.44,1008.59,68.8,12.994,80.18,16.0,Chennai Meenambakkam AWS
2026-06-01T19:55:00,AWS-CHN-004,31.47,1008.82,68.4,12.994,80.18,16.0,Chennai Meenambakkam AWS
2026-06-01T20:00:00,AWS-CHN-004,31.43,1008.82,68.6,12.994,80.18,16.0,Chennai Meenambakkam AWS
2026-06-01T20:05:00,AWS-CHN-004,31.14,1008.69,72.9,12.994,80.18,16.0,Chennai Meenambakkam AWS
2026-06-01T20:10:00,AWS-CHN-004,31.28,1008.59,70.8,12.994,80.18,16.0,Chennai Meenambakkam AWS
2026-06-01T20:15:00,AWS-CHN-004,31.18,1008.56,71.7,12.994,80.18,16.0,Chennai Meenambakkam AWS
2026-06-01T20:20:00,AWS-CHN-004,30.82,1008.86,72.3,12.994,80.18,16.0,Chennai Meenambakkam AWS
2026-06-01T20:25:00,AWS-CHN-004,30.83,1008.83,72.1,12.994,80.18,16.0,Chennai Meenambakkam AWS
2026-06-01T20:30:00,AWS-CHN-004,31.2,1009.03,69.7,12.994,80.18,16.0,Chennai Meenambakkam AWS
2026-06-01T20:35:00,AWS-CHN-004,30.68,1009.42,75.3,12.994,80.18,16.0,Chennai Meenambakkam AWS
2026-06-01T20:40:00,AWS-CHN-004,30.84,1009.01,73.5,12.994,80.18,16.0,Chennai Meenambakkam AWS
2026-06-01T20:45:00,AWS-CHN-004,30.87,1009.11,70.7,12.994,80.18,16.0,Chennai Meenambakkam AWS
2026-06-01T20:50:00,AWS-CHN-004,30.19,1009.17,73.0,12.994,80.18,16.0,Chennai Meenambakkam AWS
2026-06-01T20:55:00,AWS-CHN-004,30.39,1009.08,76.3,12.994,80.18,16.0,Chennai Meenambakkam AWS
2026-06-01T21:00:00,AWS-CHN-004,30.66,1009.37,73.7,12.994,80.18,16.0,Chennai Meenambakkam AWS
2026-06-01T21:05:00,AWS-CHN-004,30.19,1009.23,73.6,12.994,80.18,16.0,Chennai Meenambakkam AWS
2026-06-01T21:10:00,AWS-CHN-004,29.84,1009.36,76.4,12.994,80.18,16.0,Chennai Meenambakkam AWS
2026-06-01T21:15:00,AWS-CHN-004,30.13,1009.28,77.6,12.994,80.18,16.0,Chennai Meenambakkam AWS
2026-06-01T21:20:00,AWS-CHN-004,30.24,1009.13,74.4,12.994,80.18,16.0,Chennai Meenambakkam AWS
2026-06-01T21:25:00,AWS-CHN-004,29.68,1009.07,75.5,12.994,80.18,16.0,Chennai Meenambakkam AWS
2026-06-01T21:30:00,AWS-CHN-004,29.44,1009.26,79.6,12.994,80.18,16.0,Chennai Meenambakkam AWS
2026-06-01T21:35:00,AWS-CHN-004,29.79,1009.28,77.4,12.994,80.18,16.0,Chennai Meenambakkam AWS
2026-06-01T21:40:00,AWS-CHN-004,29.65,1009.21,77.5,12.994,80.18,16.0,Chennai Meenambakkam AWS
2026-06-01T21:45:00,AWS-CHN-004,29.69,1009.18,76.6,12.994,80.18,16.0,Chennai Meenambakkam AWS
2026-06-01T21:50:00,AWS-CHN-004,29.63,1009.26,76.8,12.994,80.18,16.0,Chennai Meenambakkam AWS
2026-06-01T21:55:00,AWS-CHN-004,29.3,1009.48,78.5,12.994,80.18,16.0,Chennai Meenambakkam AWS
2026-06-01T22:00:00,AWS-CHN-004,29.53,1009.43,77.4,12.994,80.18,16.0,Chennai Meenambakkam AWS
2026-06-01T22:05:00,AWS-CHN-004,29.29,1009.7,79.9,12.994,80.18,16.0,Chennai Meenambakkam AWS
2026-06-01T22:10:00,AWS-CHN-004,29.05,1009.49,79.9,12.994,80.18,16.0,Chennai Meenambakkam AWS
2026-06-01T22:15:00,AWS-CHN-004,28.88,1009.39,81.1,12.994,80.18,16.0,Chennai Meenambakkam AWS
2026-06-01T22:20:00,AWS-CHN-004,29.16,1009.17,82.7,12.994,80.18,16.0,Chennai Meenambakkam AWS
2026-06-01T22:25:00,AWS-CHN-004,29.04,1009.24,79.3,12.994,80.18,16.0,Chennai Meenambakkam AWS
2026-06-01T22:30:00,AWS-CHN-004,28.97,1009.42,81.6,12.994,80.18,16.0,Chennai Meenambakkam AWS
2026-06-01T22:35:00,AWS-CHN-004,28.54,1009.33,83.8,12.994,80.18,16.0,Chennai Meenambakkam AWS
2026-06-01T22:40:00,AWS-CHN-004,29.07,1009.11,80.9,12.994,80.18,16.0,Chennai Meenambakkam AWS
2026-06-01T22:45:00,AWS-CHN-004,28.95,1009.34,79.9,12.994,80.18,16.0,Chennai Meenambakkam AWS
2026-06-01T22:50:00,AWS-CHN-004,28.41,1008.84,81.9,12.994,80.18,16.0,Chennai Meenambakkam AWS
2026-06-01T22:55:00,AWS-CHN-004,28.55,1009.37,80.2,12.994,80.18,16.0,Chennai Meenambakkam AWS
2026-06-01T23:00:00,AWS-CHN-004,28.23,1009.18,83.1,12.994,80.18,16.0,Chennai Meenambakkam AWS
2026-06-01T23:05:00,AWS-CHN-004,27.84,1008.91,86.8,12.994,80.18,16.0,Chennai Meenambakkam AWS
2026-06-01T23:10:00,AWS-CHN-004,28.26,1008.85,83.7,12.994,80.18,16.0,Chennai Meenambakkam AWS
2026-06-01T23:15:00,AWS-CHN-004,28.05,1008.69,85.7,12.994,80.18,16.0,Chennai Meenambakkam AWS
2026-06-01T23:20:00,AWS-CHN-004,27.98,1008.64,84.6,12.994,80.18,16.0,Chennai Meenambakkam AWS
2026-06-01T23:25:00,AWS-CHN-004,27.74,1008.69,86.9,12.994,80.18,16.0,Chennai Meenambakkam AWS
2026-06-01T23:30:00,AWS-CHN-004,27.97,1008.71,86.3,12.994,80.18,16.0,Chennai Meenambakkam AWS
2026-06-01T23:35:00,AWS-CHN-004,27.72,1008.67,88.9,12.994,80.18,16.0,Chennai Meenambakkam AWS
2026-06-01T23:40:00,AWS-CHN-004,27.88,1008.63,84.5,12.994,80.18,16.0,Chennai Meenambakkam AWS
2026-06-01T23:45:00,AWS-CHN-004,27.97,1008.5,84.2,12.994,80.18,16.0,Chennai Meenambakkam AWS
2026-06-01T23:50:00,AWS-CHN-004,27.69,1008.4,88.0,12.994,80.18,16.0,Chennai Meenambakkam AWS
2026-06-01T23:55:00,AWS-CHN-004,27.66,1008.43,87.0,12.994,80.18,16.0,Chennai Meenambakkam AWS
2026-06-01T00:00:00,AWS-SHM-005,11.63,786.83,87.5,31.104,77.173,2205.0,Shimla Ridge AWS
2026-06-01T00:05:00,AWS-SHM-005,12.09,786.58,86.0,31.104,77.173,2205.0,Shimla Ridge AWS
2026-06-01T00:10:00,AWS-SHM-005,11.75,786.33,84.0,31.104,77.173,2205.0,Shimla Ridge AWS
2026-06-01T00:15:00,AWS-SHM-005,11.1,786.26,88.8,31.104,77.173,2205.0,Shimla Ridge AWS
2026-06-01T00:20:00,AWS-SHM-005,12.21,786.33,83.0,31.104,77.173,2205.0,Shimla Ridge AWS
2026-06-01T00:25:00,AWS-SHM-005,11.49,785.68,88.3,31.104,77.173,2205.0,Shimla Ridge AWS
2026-06-01T00:30:00,AWS-SHM-005,11.31,785.67,87.6,31.104,77.173,2205.0,Shimla Ridge AWS
2026-06-01T00:35:00,AWS-SHM-005,11.41,785.95,88.0,31.104,77.173,2205.0,Shimla Ridge AWS
2026-06-01T00:40:00,AWS-SHM-005,11.37,786.13,86.7,31.104,77.173,2205.0,Shimla Ridge AWS
2026-06-01T00:45:00,AWS-SHM-005,11.15,786.03,90.1,31.104,77.173,2205.0,Shimla Ridge AWS
2026-06-01T00:50:00,AWS-SHM-005,11.63,785.49,87.1,31.104,77.173,2205.0,Shimla Ridge AWS
2026-06-01T00:55:00,AWS-SHM-005,11.45,785.57,87.8,31.104,77.173,2205.0,Shimla Ridge AWS
2026-06-01T01:00:00,AWS-SHM-005,11.14,785.51,88.7,31.104,77.173,2205.0,Shimla Ridge AWS
2026-06-01T01:05:00,AWS-SHM-005,10.65,785.57,93.9,31.104,77.173,2205.0,Shimla Ridge AWS
2026-06-01T01:10:00,AWS-SHM-005,10.9,785.5,91.5,31.104,77.173,2205.0,Shimla Ridge AWS
2026-06-01T01:15:00,AWS-SHM-005,11.17,785.7,88.3,31.104,77.173,2205.0,Shimla Ridge AWS
2026-06-01T01:20:00,AWS-SHM-005,11.22,785.11,85.5,31.104,77.173,2205.0,Shimla Ridge AWS
2026-06-01T01:25:00,AWS-SHM-005,10.07,785.27,95.2,31.104,77.173,2205.0,Shimla Ridge AWS
2026-06-01T01:30:00,AWS-SHM-005,10.72,785.54,91.7,31.104,77.173,2205.0,Shimla Ridge AWS
2026-06-01T01:35:00,AWS-SHM-005,11.34,784.8,86.7,31.104,77.173,2205.0,Shimla Ridge AWS
2026-06-01T01:40:00,AWS-SHM-005,11.82,784.86,84.0,31.104,77.173,2205.0,Shimla Ridge AWS
2026-06-01T01:45:00,AWS-SHM-005,11.21,785.19,86.6,31.104,77.173,2205.0,Shimla Ridge AWS
2026-06-01T01:50:00,AWS-SHM-005,11.62,785.01,86.2,31.104,77.173,2205.0,Shimla Ridge AWS
2026-06-01T01:55:00,AWS-SHM-005,11.68,784.78,84.7,31.104,77.173,2205.0,Shimla Ridge AWS
2026-06-01T02:00:00,AWS-SHM-005,11.08,785.3,87.8,31.104,77.173,2205.0,Shimla Ridge AWS
2026-06-01T02:05:00,AWS-SHM-005,11.01,785.08,88.4,31.104,77.173,2205.0,Shimla Ridge AWS
2026-06-01T02:10:00,AWS-SHM-005,11.0,784.59,89.8,31.104,77.173,2205.0,Shimla Ridge AWS
2026-06-01T02:15:00,AWS-SHM-005,11.13,784.76,90.5,31.104,77.173,2205.0,Shimla Ridge AWS
2026-06-01T02:20:00,AWS-SHM-005,11.44,784.74,89.9,31.104,77.173,2205.0,Shimla Ridge AWS
2026-06-01T02:25:00,AWS-SHM-005,10.48,784.89,92.2,31.104,77.173,2205.0,Shimla Ridge AWS
2026-06-01T02:30:00,AWS-SHM-005,10.74,784.62,90.6,31.104,77.173,2205.0,Shimla Ridge AWS
2026-06-01T02:35:00,AWS-SHM-005,10.36,784.71,92.8,31.104,77.173,2205.0,Shimla Ridge AWS
2026-06-01T02:40:00,AWS-SHM-005,10.82,784.58,91.5,31.104,77.173,2205.0,Shimla Ridge AWS
2026-06-01T02:45:00,AWS-SHM-005,11.21,784.63,90.0,31.104,77.173,2205.0,Shimla Ridge AWS
2026-06-01T02:50:00,AWS-SHM-005,11.36,784.42,87.6,31.104,77.173,2205.0,Shimla Ridge AWS
2026-06-01T02:55:00,AWS-SHM-005,11.46,784.41,89.9,31.104,77.173,2205.0,Shimla Ridge AWS
2026-06-01T03:00:00,AWS-SHM-005,11.47,784.34,86.6,31.104,77.173,2205.0,Shimla Ridge AWS
2026-06-01T03:05:00,AWS-SHM-005,10.45,784.21,91.1,31.104,77.173,2205.0,Shimla Ridge AWS
2026-06-01T03:10:00,AWS-SHM-005,10.62,784.13,89.4,31.104,77.173,2205.0,Shimla Ridge AWS
2026-06-01T03:15:00,AWS-SHM-005,11.36,784.19,87.2,31.104,77.173,2205.0,Shimla Ridge AWS
2026-06-01T03:20:00,AWS-SHM-005,10.89,784.33,91.5,31.104,77.173,2205.0,Shimla Ridge AWS
2026-06-01T03:25:00,AWS-SHM-005,10.63,783.49,93.2,31.104,77.173,2205.0,Shimla Ridge AWS
2026-06-01T03:30:00,AWS-SHM-005,10.88,784.01,89.6,31.104,77.173,2205.0,Shimla Ridge AWS
2026-06-01T03:35:00,AWS-SHM-005,10.61,783.95,90.1,31.104,77.173,2205.0,Shimla Ridge AWS
2026-06-01T03:40:00,AWS-SHM-005,10.49,784.58,96.3,31.104,77.173,2205.0,Shimla Ridge AWS
2026-06-01T03:45:00,AWS-SHM-005,10.89,783.91,91.5,31.104,77.173,2205.0,Shimla Ridge AWS
2026-06-01T03:50:00,AWS-SHM-005,11.57,784.44,88.2,31.104,77.173,2205.0,Shimla Ridge AWS
2026-06-01T03:55:00,AWS-SHM-005,11.65,783.96,86.6,31.104,77.173,2205.0,Shimla Ridge AWS
2026-06-01T04:00:00,AWS-SHM-005,11.02,784.13,90.9,31.104,77.173,2205.0,Shimla Ridge AWS
2026-06-01T04:05:00,AWS-SHM-005,10.86,784.08,93.6,31.104,77.173,2205.0,Shimla Ridge AWS
2026-06-01T04:10:00,AWS-SHM-005,11.23,784.35,87.3,31.104,77.173,2205.0,Shimla Ridge AWS
2026-06-01T04:15:00,AWS-SHM-005,10.98,784.52,90.0,31.104,77.173,2205.0,Shimla Ridge AWS
2026-06-01T04:20:00,AWS-SHM-005,11.48,784.26,85.3,31.104,77.173,2205.0,Shimla Ridge AWS
2026-06-01T04:25:00,AWS-SHM-005,10.87,783.64,90.8,31.104,77.173,2205.0,Shimla Ridge AWS
2026-06-01T04:30:00,AWS-SHM-005,11.07,784.21,89.8,31.104,77.173,2205.0,Shimla Ridge AWS
2026-06-01T04:35:00,AWS-SHM-005,10.79,784.01,89.8,31.104,77.173,2205.0,Shimla Ridge AWS
2026-06-01T04:40:00,AWS-SHM-005,11.03,783.88,89.4,31.104,77.173,2205.0,Shimla Ridge AWS
2026-06-01T04:45:00,AWS-SHM-005,11.43,784.59,89.4,31.104,77.173,2205.0,Shimla Ridge AWS
2026-06-01T04:50:00,AWS-SHM-005,11.85,784.27,87.1,31.104,77.173,2205.0,Shimla Ridge AWS
2026-06-01T04:55:00,AWS-SHM-005,11.43,784.52,86.9,31.104,77.173,2205.0,Shimla Ridge AWS
2026-06-01T05:00:00,AWS-SHM-005,11.36,783.99,88.6,31.104,77.173,2205.0,Shimla Ridge AWS
2026-06-01T05:05:00,AWS-SHM-005,11.72,784.37,85.8,31.104,77.173,2205.0,Shimla Ridge AWS
2026-06-01T05:10:00,AWS-SHM-005,11.82,784.38,86.0,31.104,77.173,2205.0,Shimla Ridge AWS
2026-06-01T05:15:00,AWS-SHM-005,12.34,784.35,83.1,31.104,77.173,2205.0,Shimla Ridge AWS
2026-06-01T05:20:00,AWS-SHM-005,11.89,784.41,86.3,31.104,77.173,2205.0,Shimla Ridge AWS
2026-06-01T05:25:00,AWS-SHM-005,12.12,784.46,84.7,31.104,77.173,2205.0,Shimla Ridge AWS
2026-06-01T05:30:00,AWS-SHM-005,11.81,784.36,86.8,31.104,77.173,2205.0,Shimla Ridge AWS
2026-06-01T05:35:00,AWS-SHM-005,12.38,784.59,81.8,31.104,77.173,2205.0,Shimla Ridge AWS
2026-06-01T05:40:00,AWS-SHM-005,12.81,785.14,82.1,31.104,77.173,2205.0,Shimla Ridge AWS
2026-06-01T05:45:00,AWS-SHM-005,12.73,784.68,78.5,31.104,77.173,2205.0,Shimla Ridge AWS
2026-06-01T05:50:00,AWS-SHM-005,12.76,784.93,77.8,31.104,77.173,2205.0,Shimla Ridge AWS
2026-06-01T05:55:00,AWS-SHM-005,13.0,784.98,77.5,31.104,77.173,2205.0,Shimla Ridge AWS
2026-06-01T06:00:00,AWS-SHM-005,12.27,784.78,84.9,31.104,77.173,2205.0,Shimla Ridge AWS
2026-06-01T06:05:00,AWS-SHM-005,12.69,784.72,81.3,31.104,77.173,2205.0,Shimla Ridge AWS
2026-06-01T06:10:00,AWS-SHM-005,13.41,785.19,76.5,31.104,77.173,2205.0,Shimla Ridge AWS
2026-06-01T06:15:00,AWS-SHM-005,12.81,785.37,78.3,31.104,77.173,2205.0,Shimla Ridge AWS
2026-06-01T06:20:00,AWS-SHM-005,13.0,785.02,78.5,31.104,77.173,2205.0,Shimla Ridge AWS
2026-06-01T06:25:00,AWS-SHM-005,12.82,785.1,83.4,31.104,77.173,2205.0,Shimla Ridge AWS
2026-06-01T06:30:00,AWS-SHM-005,12.91,784.77,78.4,31.104,77.173,2205.0,Shimla Ridge AWS
2026-06-01T06:35:00,AWS-SHM-005,13.51,785.2,77.1,31.104,77.173,2205.0,Shimla Ridge AWS
2026-06-01T06:40:00,AWS-SHM-005,13.82,784.89,73.9,31.104,77.173,2205.0,Shimla Ridge AWS
2026-06-01T06:45:00,AWS-SHM-005,13.11,784.89,75.2,31.104,77.173,2205.0,Shimla Ridge AWS
2026-06-01T06:50:00,AWS-SHM-005,13.94,785.61,74.0,31.104,77.173,2205.0,Shimla Ridge AWS
2026-06-01T06:55:00,AWS-SHM-005,13.72,786.08,75.9,31.104,77.173,2205.0,Shimla Ridge AWS
2026-06-01T07:00:00,AWS-SHM-005,14.3,785.0,72.1,31.104,77.173,2205.0,Shimla Ridge AWS
2026-06-01T07:05:00,AWS-SHM-005,13.93,785.8,74.1,31.104,77.173,2205.0,Shimla Ridge AWS
2026-06-01T07:10:00,AWS-SHM-005,14.65,785.73,70.9,31.104,77.173,2205.0,Shimla Ridge AWS
2026-06-01T07:15:00,AWS-SHM-005,14.56,785.86,68.8,31.104,77.173,2205.0,Shimla Ridge AWS
2026-06-01T07:20:00,AWS-SHM-005,14.26,785.82,70.4,31.104,77.173,2205.0,Shimla Ridge AWS
2026-06-01T07:25:00,AWS-SHM-005,14.83,785.35,71.0,31.104,77.173,2205.0,Shimla Ridge AWS
2026-06-01T07:30:00,AWS-SHM-005,14.87,785.77,68.4,31.104,77.173,2205.0,Shimla Ridge AWS
2026-06-01T07:35:00,AWS-SHM-005,14.24,785.56,72.4,31.104,77.173,2205.0,Shimla Ridge AWS
2026-06-01T07:40:00,AWS-SHM-005,15.02,785.85,68.9,31.104,77.173,2205.0,Shimla Ridge AWS
2026-06-01T07:45:00,AWS-SHM-005,15.14,786.01,68.4,31.104,77.173,2205.0,Shimla Ridge AWS
2026-06-01T07:50:00,AWS-SHM-005,15.44,785.86,66.7,31.104,77.173,2205.0,Shimla Ridge AWS
2026-06-01T07:55:00,AWS-SHM-005,15.16,786.01,71.0,31.104,77.173,2205.0,Shimla Ridge AWS
2026-06-01T08:00:00,AWS-SHM-005,16.03,786.0,64.6,31.104,77.173,2205.0,Shimla Ridge AWS
2026-06-01T08:05:00,AWS-SHM-005,15.75,785.76,67.6,31.104,77.173,2205.0,Shimla Ridge AWS
2026-06-01T08:10:00,AWS-SHM-005,15.33,786.18,67.8,31.104,77.173,2205.0,Shimla Ridge AWS
2026-06-01T08:15:00,AWS-SHM-005,15.58,785.88,64.4,31.104,77.173,2205.0,Shimla Ridge AWS
2026-06-01T08:20:00,AWS-SHM-005,15.91,786.39,66.0,31.104,77.173,2205.0,Shimla Ridge AWS
2026-06-01T08:25:00,AWS-SHM-005,15.99,786.63,64.9,31.104,77.173,2205.0,Shimla Ridge AWS
2026-06-01T08:30:00,AWS-SHM-005,16.25,786.49,64.2,31.104,77.173,2205.0,Shimla Ridge AWS
2026-06-01T08:35:00,AWS-SHM-005,16.58,786.38,66.1,31.104,77.173,2205.0,Shimla Ridge AWS
2026-06-01T08:40:00,AWS-SHM-005,15.85,786.36,67.0,31.104,77.173,2205.0,Shimla Ridge AWS
2026-06-01T08:45:00,AWS-SHM-005,16.41,786.42,63.4,31.104,77.173,2205.0,Shimla Ridge AWS
2026-06-01T08:50:00,AWS-SHM-005,16.07,786.81,63.8,31.104,77.173,2205.0,Shimla Ridge AWS
2026-06-01T08:55:00,AWS-SHM-005,16.46,786.5,63.8,31.104,77.173,2205.0,Shimla Ridge AWS
2026-06-01T09:00:00,AWS-SHM-005,16.96,786.44,61.2,31.104,77.173,2205.0,Shimla Ridge AWS
2026-06-01T09:05:00,AWS-SHM-005,16.93,786.37,57.8,31.104,77.173,2205.0,Shimla Ridge AWS
2026-06-01T09:10:00,AWS-SHM-005,16.85,786.41,61.5,31.104,77.173,2205.0,Shimla Ridge AWS
2026-06-01T09:15:00,AWS-SHM-005,16.84,786.59,62.8,31.104,77.173,2205.0,Shimla Ridge AWS
2026-06-01T09:20:00,AWS-SHM-005,17.45,786.12,59.6,31.104,77.173,2205.0,Shimla Ridge AWS
2026-06-01T09:25:00,AWS-SHM-005,17.3,786.57,59.0,31.104,77.173,2205.0,Shimla Ridge AWS
2026-06-01T09:30:00,AWS-SHM-005,17.05,786.38,60.4,31.104,77.173,2205.0,Shimla Ridge AWS
2026-06-01T09:35:00,AWS-SHM-005,17.24,786.49,61.1,31.104,77.173,2205.0,Shimla Ridge AWS
2026-06-01T09:40:00,AWS-SHM-005,17.39,786.52,61.3,31.104,77.173,2205.0,Shimla Ridge AWS
2026-06-01T09:45:00,AWS-SHM-005,17.27,786.77,61.6,31.104,77.173,2205.0,Shimla Ridge AWS
2026-06-01T09:50:00,AWS-SHM-005,17.86,787.06,58.2,31.104,77.173,2205.0,Shimla Ridge AWS
2026-06-01T09:55:00,AWS-SHM-005,17.94,786.86,58.7,31.104,77.173,2205.0,Shimla Ridge AWS
2026-06-01T10:00:00,AWS-SHM-005,17.28,786.67,61.0,31.104,77.173,2205.0,Shimla Ridge AWS
2026-06-01T10:05:00,AWS-SHM-005,18.3,786.72,59.6,31.104,77.173,2205.0,Shimla Ridge AWS
2026-06-01T10:10:00,AWS-SHM-005,17.85,787.13,60.1,31.104,77.173,2205.0,Shimla Ridge AWS
2026-06-01T10:15:00,AWS-SHM-005,18.18,787.19,56.3,31.104,77.173,2205.0,Shimla Ridge AWS
2026-06-01T10:20:00,AWS-SHM-005,18.44,786.89,55.6,31.104,77.173,2205.0,Shimla Ridge AWS
2026-06-01T10:25:00,AWS-SHM-005,18.75,786.92,53.6,31.104,77.173,2205.0,Shimla Ridge AWS
2026-06-01T10:30:00,AWS-SHM-005,18.13,787.1,57.8,31.104,77.173,2205.0,Shimla Ridge AWS
2026-06-01T10:35:00,AWS-SHM-005,18.17,787.45,58.8,31.104,77.173,2205.0,Shimla Ridge AWS
2026-06-01T10:40:00,AWS-SHM-005,18.7,787.0,55.1,31.104,77.173,2205.0,Shimla Ridge AWS
2026-06-01T10:45:00,AWS-SHM-005,18.29,787.01,56.5,31.104,77.173,2205.0,Shimla Ridge AWS
2026-06-01T10:50:00,AWS-SHM-005,19.3,786.89,54.3,31.104,77.173,2205.0,Shimla Ridge AWS
2026-06-01T10:55:00,AWS-SHM-005,18.63,786.92,53.2,31.104,77.173,2205.0,Shimla Ridge AWS
2026-06-01T11:00:00,AWS-SHM-005,19.58,786.76,51.2,31.104,77.173,2205.0,Shimla Ridge AWS
2026-06-01T11:05:00,AWS-SHM-005,18.9,786.66,53.9,31.104,77.173,2205.0,Shimla Ridge AWS
2026-06-01T11:10:00,AWS-SHM-005,19.68,787.07,51.6,31.104,77.173,2205.0,Shimla Ridge AWS
2026-06-01T11:15:00,AWS-SHM-005,18.96,786.89,53.7,31.104,77.173,2205.0,Shimla Ridge AWS
2026-06-01T11:20:00,AWS-SHM-005,19.19,786.43,51.8,31.104,77.173,2205.0,Shimla Ridge AWS
2026-06-01T11:25:00,AWS-SHM-005,19.66,786.85,55.0,31.104,77.173,2205.0,Shimla Ridge AWS
2026-06-01T11:30:00,AWS-SHM-005,19.53,786.46,51.1,31.104,77.173,2205.0,Shimla Ridge AWS
2026-06-01T11:35:00,AWS-SHM-005,19.83,786.51,50.8,31.104,77.173,2205.0,Shimla Ridge AWS
2026-06-01T11:40:00,AWS-SHM-005,20.41,786.87,51.4,31.104,77.173,2205.0,Shimla Ridge AWS
2026-06-01T11:45:00,AWS-SHM-005,20.03,786.86,52.4,31.104,77.173,2205.0,Shimla Ridge AWS
2026-06-01T11:50:00,AWS-SHM-005,19.46,787.11,53.5,31.104,77.173,2205.0,Shimla Ridge AWS
2026-06-01T11:55:00,AWS-SHM-005,19.99,786.79,47.2,31.104,77.173,2205.0,Shimla Ridge AWS
2026-06-01T12:00:00,AWS-SHM-005,20.53,786.84,49.9,31.104,77.173,2205.0,Shimla Ridge AWS
2026-06-01T12:05:00,AWS-SHM-005,20.94,786.78,49.9,31.104,77.173,2205.0,Shimla Ridge AWS
2026-06-01T12:10:00,AWS-SHM-005,20.56,786.81,48.5,31.104,77.173,2205.0,Shimla Ridge AWS
2026-06-01T12:15:00,AWS-SHM-005,21.22,786.84,48.4,31.104,77.173,2205.0,Shimla Ridge AWS
2026-06-01T12:20:00,AWS-SHM-005,20.43,786.65,47.0,31.104,77.173,2205.0,Shimla Ridge AWS
2026-06-01T12:25:00,AWS-SHM-005,20.7,786.53,50.4,31.104,77.173,2205.0,Shimla Ridge AWS
2026-06-01T12:30:00,AWS-SHM-005,21.36,786.63,46.2,31.104,77.173,2205.0,Shimla Ridge AWS
2026-06-01T12:35:00,AWS-SHM-005,20.76,786.54,49.8,31.104,77.173,2205.0,Shimla Ridge AWS
2026-06-01T12:40:00,AWS-SHM-005,20.57,786.56,45.8,31.104,77.173,2205.0,Shimla Ridge AWS
2026-06-01T12:45:00,AWS-SHM-005,20.11,786.5,50.2,31.104,77.173,2205.0,Shimla Ridge AWS
2026-06-01T12:50:00,AWS-SHM-005,20.92,786.68,48.7,31.104,77.173,2205.0,Shimla Ridge AWS
2026-06-01T12:55:00,AWS-SHM-005,20.84,786.22,48.4,31.104,77.173,2205.0,Shimla Ridge AWS
2026-06-01T13:00:00,AWS-SHM-005,20.35,786.23,47.5,31.104,77.173,2205.0,Shimla Ridge AWS
2026-06-01T13:05:00,AWS-SHM-005,21.17,785.87,44.9,31.104,77.173,2205.0,Shimla Ridge AWS
2026-06-01T13:10:00,AWS-SHM-005,20.38,785.95,48.4,31.104,77.173,2205.0,Shimla Ridge AWS
2026-06-01T13:15:00,AWS-SHM-005,20.39,785.92,48.1,31.104,77.173,2205.0,Shimla Ridge AWS
2026-06-01T13:20:00,AWS-SHM-005,20.96,785.61,47.3,31.104,77.173,2205.0,Shimla Ridge AWS
2026-06-01T13:25:00,AWS-SHM-005,21.31,785.68,46.4,31.104,77.173,2205.0,Shimla Ridge AWS
2026-06-01T13:30:00,AWS-SHM-005,21.03,785.66,49.8,31.104,77.173,2205.0,Shimla Ridge AWS
2026-06-01T13:35:00,AWS-SHM-005,21.28,785.95,44.2,31.104,77.173,2205.0,Shimla Ridge AWS
2026-06-01T13:40:00,AWS-SHM-005,20.4,785.72,47.8,31.104,77.173,2205.0,Shimla Ridge AWS
2026-06-01T13:45:00,AWS-SHM-005,21.07,785.6,45.9,31.104,77.173,2205.0,Shimla Ridge AWS
2026-06-01T13:50:00,AWS-SHM-005,20.62,785.9,47.5,31.104,77.173,2205.0,Shimla Ridge AWS
2026-06-01T13:55:00,AWS-SHM-005,20.85,785.73,51.0,31.104,77.173,2205.0,Shimla Ridge AWS
2026-06-01T14:00:00,AWS-SHM-005,21.38,785.58,48.6,31.104,77.173,2205.0,Shimla Ridge AWS
2026-06-01T14:05:00,AWS-SHM-005,21.38,785.33,44.7,31.104,77.173,2205.0,Shimla Ridge AWS
2026-06-01T14:10:00,AWS-SHM-005,20.74,785.59,49.1,31.104,77.173,2205.0,Shimla Ridge AWS
2026-06-01T14:15:00,AWS-SHM-005,20.91,785.54,46.0,31.104,77.173,2205.0,Shimla Ridge AWS
2026-06-01T14:20:00,AWS-SHM-005,21.14,784.98,46.4,31.104,77.173,2205.0,Shimla Ridge AWS
2026-06-01T14:25:00,AWS-SHM-005,21.63,785.52,44.9,31.104,77.173,2205.0,Shimla Ridge AWS
2026-06-01T14:30:00,AWS-SHM-005,21.1,785.21,48.0,31.104,77.173,2205.0,Shimla Ridge AWS
2026-06-01T14:35:00,AWS-SHM-005,21.02,784.89,49.5,31.104,77.173,2205.0,Shimla Ridge AWS
2026-06-01T14:40:00,AWS-SHM-005,21.01,784.87,50.0,31.104,77.173,2205.0,Shimla Ridge AWS
2026-06-01T14:45:00,AWS-SHM-005,20.48,785.75,48.7,31.104,77.173,2205.0,Shimla Ridge AWS
2026-06-01T14:50:00,AWS-SHM-005,21.41,784.92,47.5,31.104,77.173,2205.0,Shimla Ridge AWS
2026-06-01T14:55:00,AWS-SHM-005,21.0,785.27,46.1,31.104,77.173,2205.0,Shimla Ridge AWS
2026-06-01T15:45:00,AWS-SHM-005,21.84,784.89,48.6,31.104,77.173,2205.0,Shimla Ridge AWS
2026-06-01T15:50:00,AWS-SHM-005,20.62,784.91,47.2,31.104,77.173,2205.0,Shimla Ridge AWS
2026-06-01T15:55:00,AWS-SHM-005,21.45,785.23,47.1,31.104,77.173,2205.0,Shimla Ridge AWS
2026-06-01T16:00:00,AWS-SHM-005,20.93,785.28,48.5,31.104,77.173,2205.0,Shimla Ridge AWS
2026-06-01T16:05:00,AWS-SHM-005,21.95,785.08,46.4,31.104,77.173,2205.0,Shimla Ridge AWS
2026-06-01T16:10:00,AWS-SHM-005,21.28,784.89,48.2,31.104,77.173,2205.0,Shimla Ridge AWS
2026-06-01T16:15:00,AWS-SHM-005,21.09,785.25,47.7,31.104,77.173,2205.0,Shimla Ridge AWS
2026-06-01T16:20:00,AWS-SHM-005,20.68,785.36,51.8,31.104,77.173,2205.0,Shimla Ridge AWS
2026-06-01T16:25:00,AWS-SHM-005,22.01,785.37,46.2,31.104,77.173,2205.0,Shimla Ridge AWS
2026-06-01T16:30:00,AWS-SHM-005,20.81,785.04,46.0,31.104,77.173,2205.0,Shimla Ridge AWS
2026-06-01T16:35:00,AWS-SHM-005,20.81,785.15,48.0,31.104,77.173,2205.0,Shimla Ridge AWS
2026-06-01T16:40:00,AWS-SHM-005,20.75,785.07,47.1,31.104,77.173,2205.0,Shimla Ridge AWS
2026-06-01T16:45:00,AWS-SHM-005,21.18,785.01,47.8,31.104,77.173,2205.0,Shimla Ridge AWS
2026-06-01T16:50:00,AWS-SHM-005,20.72,784.74,45.9,31.104,77.173,2205.0,Shimla Ridge AWS
2026-06-01T16:55:00,AWS-SHM-005,20.91,784.94,45.2,31.104,77.173,2205.0,Shimla Ridge AWS
2026-06-01T17:00:00,AWS-SHM-005,20.75,785.11,50.1,31.104,77.173,2205.0,Shimla Ridge AWS
2026-06-01T17:05:00,AWS-SHM-005,20.76,784.83,45.9,31.104,77.173,2205.0,Shimla Ridge AWS
2026-06-01T17:10:00,AWS-SHM-005,20.7,784.73,49.6,31.104,77.173,2205.0,Shimla Ridge AWS
2026-06-01T17:15:00,AWS-SHM-005,20.6,784.32,49.7,31.104,77.173,2205.0,Shimla Ridge AWS
2026-06-01T17:20:00,AWS-SHM-005,20.2,785.14,48.7,31.104,77.173,2205.0,Shimla Ridge AWS
2026-06-01T17:25:00,AWS-SHM-005,19.38,785.16,51.1,31.104,77.173,2205.0,Shimla Ridge AWS
2026-06-01T17:30:00,AWS-SHM-005,20.32,785.2,49.1,31.104,77.173,2205.0,Shimla Ridge AWS
2026-06-01T17:35:00,AWS-SHM-005,19.67,784.62,53.5,31.104,77.173,2205.0,Shimla Ridge AWS
2026-06-01T17:40:00,AWS-SHM-005,19.76,785.24,53.1,31.104,77.173,2205.0,Shimla Ridge AWS
2026-06-01T17:45:00,AWS-SHM-005,20.15,785.12,48.9,31.104,77.173,2205.0,Shimla Ridge AWS
2026-06-01T17:50:00,AWS-SHM-005,20.15,784.89,51.9,31.104,77.173,2205.0,Shimla Ridge AWS
2026-06-01T17:55:00,AWS-SHM-005,20.22,784.65,51.1,31.104,77.173,2205.0,Shimla Ridge AWS
2026-06-01T18:00:00,AWS-SHM-005,19.62,785.05,53.5,31.104,77.173,2205.0,Shimla Ridge AWS
2026-06-01T18:05:00,AWS-SHM-005,20.17,784.95,50.8,31.104,77.173,2205.0,Shimla Ridge AWS
2026-06-01T18:10:00,AWS-SHM-005,19.86,784.92,51.9,31.104,77.173,2205.0,Shimla Ridge AWS
2026-06-01T18:15:00,AWS-SHM-005,19.57,785.21,51.2,31.104,77.173,2205.0,Shimla Ridge AWS
2026-06-01T18:20:00,AWS-SHM-005,20.16,785.12,48.8,31.104,77.173,2205.0,Shimla Ridge AWS
2026-06-01T18:25:00,AWS-SHM-005,19.58,784.89,52.7,31.104,77.173,2205.0,Shimla Ridge AWS
2026-06-01T18:30:00,AWS-SHM-005,19.57,784.84,52.3,31.104,77.173,2205.0,Shimla Ridge AWS
2026-06-01T18:35:00,AWS-SHM-005,19.2,785.34,53.1,31.104,77.173,2205.0,Shimla Ridge AWS
2026-06-01T18:40:00,AWS-SHM-005,19.47,785.11,52.5,31.104,77.173,2205.0,Shimla Ridge AWS
2026-06-01T18:45:00,AWS-SHM-005,19.18,785.22,55.4,31.104,77.173,2205.0,Shimla Ridge AWS
2026-06-01T18:50:00,AWS-SHM-005,18.82,785.03,52.5,31.104,77.173,2205.0,Shimla Ridge AWS
2026-06-01T18:55:00,AWS-SHM-005,18.78,785.55,56.0,31.104,77.173,2205.0,Shimla Ridge AWS
2026-06-01T19:00:00,AWS-SHM-005,18.45,785.0,58.0,31.104,77.173,2205.0,Shimla Ridge AWS
2026-06-01T19:05:00,AWS-SHM-005,19.41,785.13,52.7,31.104,77.173,2205.0,Shimla Ridge AWS
2026-06-01T19:10:00,AWS-SHM-005,18.34,785.78,55.7,31.104,77.173,2205.0,Shimla Ridge AWS
2026-06-01T19:15:00,AWS-SHM-005,18.33,785.46,57.6,31.104,77.173,2205.0,Shimla Ridge AWS
2026-06-01T19:20:00,AWS-SHM-005,17.99,785.45,55.1,31.104,77.173,2205.0,Shimla Ridge AWS
2026-06-01T19:25:00,AWS-SHM-005,17.85,785.84,56.8,31.104,77.173,2205.0,Shimla Ridge AWS
2026-06-01T19:30:00,AWS-SHM-005,18.18,785.83,56.2,31.104,77.173,2205.0,Shimla Ridge AWS
2026-06-01T19:35:00,AWS-SHM-005,18.71,785.48,55.1,31.104,77.173,2205.0,Shimla Ridge AWS
2026-06-01T19:40:00,AWS-SHM-005,18.48,785.97,54.2,31.104,77.173,2205.0,Shimla Ridge AWS
2026-06-01T19:45:00,AWS-SHM-005,17.78,786.24,59.1,31.104,77.173,2205.0,Shimla Ridge AWS
2026-06-01T19:50:00,AWS-SHM-005,17.88,786.46,59.3,31.104,77.173,2205.0,Shimla Ridge AWS
2026-06-01T19:55:00,AWS-SHM-005,18.38,786.14,58.8,31.104,77.173,2205.0,Shimla Ridge AWS
2026-06-01T20:00:00,AWS-SHM-005,18.19,786.15,57.1,31.104,77.173,2205.0,Shimla Ridge AWS
2026-06-01T20:05:00,AWS-SHM-005,17.59,785.9,59.9,31.104,77.173,2205.0,Shimla Ridge AWS
2026-06-01T20:10:00,AWS-SHM-005,17.17,786.42,59.0,31.104,77.173,2205.0,Shimla Ridge AWS
2026-06-01T20:15:00,AWS-SHM-005,17.2,786.51,60.2,31.104,77.173,2205.0,Shimla Ridge AWS
2026-06-01T20:20:00,AWS-SHM-005,17.42,786.1,59.9,31.104,77.173,2205.0,Shimla Ridge AWS
2026-06-01T20:25:00,AWS-SHM-005,17.27,786.17,62.5,31.104,77.173,2205.0,Shimla Ridge AWS
2026-06-01T20:30:00,AWS-SHM-005,16.45,786.31,64.4,31.104,77.173,2205.0,Shimla Ridge AWS
2026-06-01T20:35:00,AWS-SHM-005,16.94,786.11,60.7,31.104,77.173,2205.0,Shimla Ridge AWS
2026-06-01T20:40:00,AWS-SHM-005,16.98,786.33,60.9,31.104,77.173,2205.0,Shimla Ridge AWS
2026-06-01T20:45:00,AWS-SHM-005,16.65,786.45,63.9,31.104,77.173,2205.0,Shimla Ridge AWS
2026-06-01T20:50:00,AWS-SHM-005,16.68,786.55,61.6,31.104,77.173,2205.0,Shimla Ridge AWS
2026-06-01T20:55:00,AWS-SHM-005,16.4,786.59,63.6,31.104,77.173,2205.0,Shimla Ridge AWS
2026-06-01T21:00:00,AWS-SHM-005,15.79,786.41,68.2,31.104,77.173,2205.0,Shimla Ridge AWS
2026-06-01T21:05:00,AWS-SHM-005,16.25,786.46,65.4,31.104,77.173,2205.0,Shimla Ridge AWS
2026-06-01T21:10:00,AWS-SHM-005,17.13,786.97,61.7,31.104,77.173,2205.0,Shimla Ridge AWS
2026-06-01T21:15:00,AWS-SHM-005,16.15,786.97,64.2,31.104,77.173,2205.0,Shimla Ridge AWS
2026-06-01T21:20:00,AWS-SHM-005,16.27,786.98,61.5,31.104,77.173,2205.0,Shimla Ridge AWS
2026-06-01T21:25:00,AWS-SHM-005,16.38,786.75,60.8,31.104,77.173,2205.0,Shimla Ridge AWS
2026-06-01T21:30:00,AWS-SHM-005,16.43,786.81,63.9,31.104,77.173,2205.0,Shimla Ridge AWS
2026-06-01T21:35:00,AWS-SHM-005,15.73,786.69,67.6,31.104,77.173,2205.0,Shimla Ridge AWS
2026-06-01T21:40:00,AWS-SHM-005,16.02,786.92,64.0,31.104,77.173,2205.0,Shimla Ridge AWS
2026-06-01T21:45:00,AWS-SHM-005,15.84,787.15,67.6,31.104,77.173,2205.0,Shimla Ridge AWS
2026-06-01T21:50:00,AWS-SHM-005,15.37,787.34,65.4,31.104,77.173,2205.0,Shimla Ridge AWS
2026-06-01T21:55:00,AWS-SHM-005,15.55,786.63,66.7,31.104,77.173,2205.0,Shimla Ridge AWS
2026-06-01T22:00:00,AWS-SHM-005,15.19,787.45,69.1,31.104,77.173,2205.0,Shimla Ridge AWS
2026-06-01T22:05:00,AWS-SHM-005,15.7,787.49,66.8,31.104,77.173,2205.0,Shimla Ridge AWS
2026-06-01T22:10:00,AWS-SHM-005,14.98,787.08,70.2,31.104,77.173,2205.0,Shimla Ridge AWS
2026-06-01T22:15:00,AWS-SHM-005,14.55,787.32,68.4,31.104,77.173,2205.0,Shimla Ridge AWS
2026-06-01T22:20:00,AWS-SHM-005,14.3,787.14,70.9,31.104,77.173,2205.0,Shimla Ridge AWS
2026-06-01T22:25:00,AWS-SHM-005,14.58,786.62,71.8,31.104,77.173,2205.0,Shimla Ridge AWS
2026-06-01T22:30:00,AWS-SHM-005,14.5,787.58,69.0,31.104,77.173,2205.0,Shimla Ridge AWS
2026-06-01T22:35:00,AWS-SHM-005,14.83,786.84,71.6,31.104,77.173,2205.0,Shimla Ridge AWS
2026-06-01T22:40:00,AWS-SHM-005,14.66,786.98,69.0,31.104,77.173,2205.0,Shimla Ridge AWS
2026-06-01T22:45:00,AWS-SHM-005,13.77,787.18,74.9,31.104,77.173,2205.0,Shimla Ridge AWS
2026-06-01T22:50:00,AWS-SHM-005,14.08,786.94,74.5,31.104,77.173,2205.0,Shimla Ridge AWS
2026-06-01T22:55:00,AWS-SHM-005,13.06,787.23,79.9,31.104,77.173,2205.0,Shimla Ridge AWS
2026-06-01T23:00:00,AWS-SHM-005,13.93,786.77,73.8,31.104,77.173,2205.0,Shimla Ridge AWS
2026-06-01T23:05:00,AWS-SHM-005,13.8,787.25,74.8,31.104,77.173,2205.0,Shimla Ridge AWS
2026-06-01T23:10:00,AWS-SHM-005,14.22,786.86,71.0,31.104,77.173,2205.0,Shimla Ridge AWS
2026-06-01T23:15:00,AWS-SHM-005,13.94,786.57,72.7,31.104,77.173,2205.0,Shimla Ridge AWS
2026-06-01T23:20:00,AWS-SHM-005,13.21,786.78,77.1,31.104,77.173,2205.0,Shimla Ridge AWS
2026-06-01T23:25:00,AWS-SHM-005,12.93,786.59,79.7,31.104,77.173,2205.0,Shimla Ridge AWS
2026-06-01T23:30:00,AWS-SHM-005,13.16,786.83,80.4,31.104,77.173,2205.0,Shimla Ridge AWS
2026-06-01T23:35:00,AWS-SHM-005,13.18,786.66,75.8,31.104,77.173,2205.0,Shimla Ridge AWS
2026-06-01T23:40:00,AWS-SHM-005,13.57,786.02,75.8,31.104,77.173,2205.0,Shimla Ridge AWS
2026-06-01T23:45:00,AWS-SHM-005,13.05,786.32,78.2,31.104,77.173,2205.0,Shimla Ridge AWS
2026-06-01T23:50:00,AWS-SHM-005,12.52,786.63,78.7,31.104,77.173,2205.0,Shimla Ridge AWS
2026-06-01T23:55:00,AWS-SHM-005,12.95,786.53,77.1,31.104,77.173,2205.0,Shimla Ridge AWS
2026-06-02T00:00:00,AWS-SHM-005,12.47,786.6,81.5,31.104,77.173,2205.0,Shimla Ridge AWS
2026-06-02T00:05:00,AWS-SHM-005,13.02,786.64,78.9,31.104,77.173,2205.0,Shimla Ridge AWS
2026-06-02T00:10:00,AWS-SHM-005,12.99,786.23,78.8,31.104,77.173,2205.0,Shimla Ridge AWS
2026-06-02T00:15:00,AWS-SHM-005,12.39,786.59,80.4,31.104,77.173,2205.0,Shimla Ridge AWS
2026-06-02T00:20:00,AWS-SHM-005,12.83,786.16,79.9,31.104,77.173,2205.0,Shimla Ridge AWS
2026-06-02T00:25:00,AWS-SHM-005,12.62,786.38,81.9,31.104,77.173,2205.0,Shimla Ridge AWS
2026-06-02T00:30:00,AWS-SHM-005,12.35,786.28,82.1,31.104,77.173,2205.0,Shimla Ridge AWS
2026-06-02T00:35:00,AWS-SHM-005,12.37,786.16,84.0,31.104,77.173,2205.0,Shimla Ridge AWS
2026-06-02T00:40:00,AWS-SHM-005,11.82,786.24,85.0,31.104,77.173,2205.0,Shimla Ridge AWS
